donor,path,depth,direct_file_count,direct_child_dir_count,recursive_file_count,recursive_bytes,languages,classifications,children
Aether,.,0,8,4,2180,10139564,batch;c;css;html;javascript;markdown;rust;shell;toml;unknown;yaml,configuration;deployment;documentation;governance;implementation;media;repository-administration;test-or-fixture;vendored,.github;Docs;aether;quiche
Aether,.github,1,0,1,1,27730,yaml,repository-administration,workflows
Aether,.github/workflows,2,1,0,1,27730,yaml,repository-administration,
Aether,Docs,1,5,0,5,1844309,markdown;unknown,documentation;media,
Aether,aether,1,3,1,29,510601,batch;rust;toml;unknown,configuration;implementation,src
Aether,aether/src,2,26,0,26,436052,rust,implementation,
Aether,quiche,1,15,14,2137,7699364,c;css;html;javascript;markdown;rust;shell;toml;unknown;yaml,test-or-fixture;vendored,.github;apps;buffer-pool;datagram-socket;fuzz;h3i;netlog;octets;qlog;qlog-dancer;quiche;task-killswitch;tokio-quiche;tools
Aether,quiche/.github,2,1,1,5,17584,yaml,vendored,workflows
Aether,quiche/.github/workflows,3,4,0,4,16434,yaml,vendored,
Aether,quiche/apps,2,2,1,11,136504,rust;shell;toml;unknown,vendored,src
Aether,quiche/apps/src,3,5,1,9,131878,rust;unknown,vendored,bin
Aether,quiche/apps/src/bin,4,4,0,4,32294,rust;unknown,vendored,
Aether,quiche/buffer-pool,2,2,1,4,25732,rust;toml,vendored,src
Aether,quiche/buffer-pool/src,3,3,0,3,25293,rust,vendored,
Aether,quiche/datagram-socket,2,3,1,8,68008,markdown;rust;toml,vendored,src
Aether,quiche/datagram-socket/src,3,6,0,6,64206,rust,vendored,
Aether,quiche/fuzz,2,6,3,1846,1989544,markdown;rust;toml;unknown,test-or-fixture,corpus;mayhem;src
Aether,quiche/fuzz/corpus,3,0,5,1829,1968528,unknown,test-or-fixture,packet_recv_client;packet_recv_server;packets_posths_server;packets_recv_server;qpack_decode
Aether,quiche/fuzz/corpus/packet_recv_client,4,617,0,617,697917,unknown,test-or-fixture,
Aether,quiche/fuzz/corpus/packet_recv_server,4,722,0,722,1061990,unknown,test-or-fixture,
Aether,quiche/fuzz/corpus/packets_posths_server,4,2,0,2,10038,unknown,test-or-fixture,
Aether,quiche/fuzz/corpus/packets_recv_server,4,2,0,2,10038,unknown,test-or-fixture,
Aether,quiche/fuzz/corpus/qpack_decode,4,486,0,486,188545,unknown,test-or-fixture,
Aether,quiche/fuzz/mayhem,3,0,5,5,1585,unknown,test-or-fixture,packet_recv_client;packet_recv_server;packets_posths_server;packets_recv_server;qpack_decode
Aether,quiche/fuzz/mayhem/packet_recv_client,4,1,1,1,271,unknown,test-or-fixture,testsuite
Aether,quiche/fuzz/mayhem/packet_recv_server,4,1,1,1,349,unknown,test-or-fixture,testsuite
Aether,quiche/fuzz/mayhem/packets_posths_server,4,1,1,1,355,unknown,test-or-fixture,testsuite
Aether,quiche/fuzz/mayhem/packets_recv_server,4,1,1,1,351,unknown,test-or-fixture,testsuite
Aether,quiche/fuzz/mayhem/qpack_decode,4,1,1,1,259,unknown,test-or-fixture,testsuite
Aether,quiche/fuzz/src,3,6,0,6,14344,rust,test-or-fixture,
Aether,quiche/h3i,2,5,2,27,599167,markdown;rust;toml;unknown,vendored,examples;src
Aether,quiche/h3i/examples,3,2,0,2,6021,rust,vendored,
Aether,quiche/h3i/src,3,5,4,21,255536,rust,vendored,actions;client;prompts;recordreplay
Aether,quiche/h3i/src/actions,4,2,0,2,13121,rust,vendored,
Aether,quiche/h3i/src/client,4,4,0,4,78838,rust,vendored,
Aether,quiche/h3i/src/prompts,4,1,1,8,49467,rust,vendored,h3
Aether,quiche/h3i/src/prompts/h3,5,7,0,7,47999,rust,vendored,
Aether,quiche/h3i/src/recordreplay,4,2,0,2,30087,rust,vendored,
Aether,quiche/netlog,2,3,1,8,75161,markdown;rust;toml,vendored,src
Aether,quiche/netlog/src,3,6,0,6,71612,rust,vendored,
Aether,quiche/octets,2,2,1,3,155040,rust;toml,vendored,src
Aether,quiche/octets/src,3,2,0,2,154569,rust,vendored,
Aether,quiche/qlog,2,4,2,14,171893,markdown;rust;toml,test-or-fixture;vendored,src;tests
Aether,quiche/qlog-dancer,2,6,1,33,465556,css;html;javascript;markdown;rust;toml,vendored,src
Aether,quiche/qlog-dancer/src,3,8,3,27,415992,rust,vendored,plots;reports;trackers
Aether,quiche/qlog-dancer/src/plots,4,12,0,12,136229,rust,vendored,
Aether,quiche/qlog-dancer/src/reports,4,4,0,4,62882,rust,vendored,
Aether,quiche/qlog-dancer/src/trackers,4,3,0,3,19007,rust,vendored,
Aether,quiche/qlog/src,3,4,2,10,147722,rust,vendored,events;testing
Aether,quiche/qlog/src/events,4,3,0,3,64435,rust,vendored,
Aether,quiche/qlog/src/testing,4,3,0,3,19429,rust,vendored,
Aether,quiche/qlog/tests,3,1,0,1,11094,rust,test-or-fixture,
Aether,quiche/quiche,2,5,3,82,2628532,c;markdown;rust;shell;toml;unknown,vendored,examples;include;src
Aether,quiche/quiche/examples,3,17,0,17,136635,c;markdown;rust;shell;unknown,vendored,
Aether,quiche/quiche/include,3,1,0,1,51775,c,vendored,
Aether,quiche/quiche/src,3,19,5,61,2422673,markdown;rust,vendored,crypto;h3;recovery;stream;tls
Aether,quiche/quiche/src/crypto,4,2,0,2,29863,rust,vendored,
Aether,quiche/quiche/src/h3,4,5,1,9,473563,markdown;rust,vendored,qpack
Aether,quiche/quiche/src/h3/qpack,5,4,0,4,43021,rust,vendored,
Aether,quiche/quiche/src/recovery,4,5,2,26,512180,markdown;rust,vendored,congestion;gcongestion
Aether,quiche/quiche/src/recovery/congestion,5,8,0,8,128307,rust,vendored,
Aether,quiche/quiche/src/recovery/gcongestion,5,5,2,13,252625,rust,vendored,bbr;bbr2
Aether,quiche/quiche/src/recovery/gcongestion/bbr,6,2,0,2,79742,rust,vendored,
Aether,quiche/quiche/src/recovery/gcongestion/bbr2,6,6,0,6,79128,rust,vendored,
Aether,quiche/quiche/src/stream,4,3,0,3,151204,rust,vendored,
Aether,quiche/quiche/src/tls,4,2,0,2,45224,rust,vendored,
Aether,quiche/task-killswitch,2,2,1,2,11499,rust;toml,vendored,src
Aether,quiche/task-killswitch/src,3,1,0,1,10936,rust,vendored,
Aether,quiche/tokio-quiche,2,4,4,72,1229212,markdown;rust;toml;unknown,test-or-fixture;vendored,docs;examples;src;tests
Aether,quiche/tokio-quiche/docs,3,5,0,5,553067,unknown,vendored,
Aether,quiche/tokio-quiche/examples,3,3,1,7,31336,markdown;rust;unknown,vendored,async_http3_server
Aether,quiche/tokio-quiche/examples/async_http3_server,4,4,0,4,22967,rust,vendored,
Aether,quiche/tokio-quiche/src,3,3,5,45,547218,markdown;rust,vendored,http3;metrics;quic;settings;socket
Aether,quiche/tokio-quiche/src/http3,4,3,1,13,235590,markdown;rust,vendored,driver
Aether,quiche/tokio-quiche/src/http3/driver,5,10,0,10,218204,markdown;rust,vendored,
Aether,quiche/tokio-quiche/src/metrics,4,3,0,3,28427,rust,vendored,
Aether,quiche/tokio-quiche/src/quic,4,5,3,17,206777,markdown;rust,vendored,connection;io;router
Aether,quiche/tokio-quiche/src/quic/connection,5,4,0,4,44520,rust,vendored,
Aether,quiche/tokio-quiche/src/quic/io,5,5,0,5,67437,rust,vendored,
Aether,quiche/tokio-quiche/src/quic/router,5,3,0,3,61364,rust,vendored,
Aether,quiche/tokio-quiche/src/settings,4,5,0,5,35188,rust,vendored,
Aether,quiche/tokio-quiche/src/socket,4,4,0,4,26119,rust,vendored,
Aether,quiche/tokio-quiche/tests,3,1,2,12,82733,rust,test-or-fixture,fixtures;integration_tests
Aether,quiche/tokio-quiche/tests/fixtures,4,2,0,2,16010,rust,test-or-fixture,
Aether,quiche/tokio-quiche/tests/integration_tests,4,9,0,9,65287,rust,test-or-fixture,
Aether,quiche/tools,2,1,2,7,84859,markdown;rust;shell;toml,test-or-fixture;vendored,android;http3_test
Aether,quiche/tools/android,3,1,0,1,631,shell,vendored,
Aether,quiche/tools/http3_test,3,2,2,5,83094,markdown;rust;toml,test-or-fixture;vendored,src;tests
Aether,quiche/tools/http3_test/src,4,2,0,2,33403,rust,vendored,
Aether,quiche/tools/http3_test/tests,4,1,0,1,46982,rust,test-or-fixture,
Aether-GUI,.,0,17,4,123,2516498,css;html;javascript;json;markdown;rust;shell;toml;typescript;unknown;xml;yaml,configuration;documentation;governance;implementation;media;repository-administration;ui-or-product,.github;docs;src;src-tauri
Aether-GUI,.github,1,0,2,3,6393,yaml,repository-administration,ISSUE_TEMPLATE;workflows
Aether-GUI,.github/ISSUE_TEMPLATE,2,2,0,2,2847,yaml,repository-administration,
Aether-GUI,.github/workflows,2,1,0,1,3546,yaml,repository-administration,
Aether-GUI,docs,1,1,0,1,174783,unknown,media,
Aether-GUI,src,1,3,4,30,90648,css;typescript,implementation;ui-or-product,components;lib;state;types
Aether-GUI,src-tauri,1,4,4,72,1878790,json;rust;shell;toml;unknown;xml,configuration;implementation;media,binaries;capabilities;icons;src
Aether-GUI,src-tauri/binaries,2,1,0,1,1456,shell,implementation,
Aether-GUI,src-tauri/capabilities,2,1,0,1,446,json,configuration,
Aether-GUI,src-tauri/icons,2,18,2,53,1694148,unknown;xml,configuration;implementation;media,android;ios
Aether-GUI,src-tauri/icons/android,3,0,7,17,153077,unknown;xml,configuration;media,mipmap-anydpi-v26;mipmap-hdpi;mipmap-mdpi;mipmap-xhdpi;mipmap-xxhdpi;mipmap-xxxhdpi;values
Aether-GUI,src-tauri/icons/android/mipmap-anydpi-v26,4,1,0,1,261,xml,configuration,
Aether-GUI,src-tauri/icons/android/mipmap-hdpi,4,3,0,3,10134,unknown,media,
Aether-GUI,src-tauri/icons/android/mipmap-mdpi,4,3,0,3,6631,unknown,media,
Aether-GUI,src-tauri/icons/android/mipmap-xhdpi,4,3,0,3,18922,unknown,media,
Aether-GUI,src-tauri/icons/android/mipmap-xxhdpi,4,3,0,3,41099,unknown,media,
Aether-GUI,src-tauri/icons/android/mipmap-xxxhdpi,4,3,0,3,75915,unknown,media,
Aether-GUI,src-tauri/icons/android/values,4,1,0,1,115,xml,configuration,
Aether-GUI,src-tauri/icons/ios,3,18,0,18,367532,unknown,media,
Aether-GUI,src-tauri/src,2,7,1,13,69111,rust,implementation,aether
Aether-GUI,src-tauri/src/aether,3,6,0,6,57779,rust,implementation,
Aether-GUI,src/components,2,16,1,23,68138,typescript,ui-or-product,ui
Aether-GUI,src/components/ui,3,7,0,7,18969,typescript,ui-or-product,
Aether-GUI,src/lib,2,1,0,1,166,typescript,ui-or-product,
Aether-GUI,src/state,2,2,0,2,10463,typescript,implementation,
Aether-GUI,src/types,2,1,0,1,2275,typescript,implementation,
Goida-AI-Unlocker,.,0,3,2,59,467324,json;markdown;python;unknown;yaml,documentation;governance;implementation;media;repository-administration;ui-or-product,.github;source
Goida-AI-Unlocker,.github,1,0,1,1,6031,yaml,repository-administration,workflows
Goida-AI-Unlocker,.github/workflows,2,1,0,1,6031,yaml,repository-administration,
Goida-AI-Unlocker,source,1,6,2,55,410103,json;python;unknown,implementation;media;ui-or-product,app;icons
Goida-AI-Unlocker,source/app,2,1,3,28,256262,json;python,ui-or-product,core;gui;utils
Goida-AI-Unlocker,source/app/core,3,6,0,6,40240,python,ui-or-product,
Goida-AI-Unlocker,source/app/gui,3,8,2,19,211770,json;python,ui-or-product,components;pages
Goida-AI-Unlocker,source/app/gui/components,4,5,0,5,19378,python,ui-or-product,
Goida-AI-Unlocker,source/app/gui/pages,4,6,0,6,38812,python,ui-or-product,
Goida-AI-Unlocker,source/app/utils,3,2,0,2,4252,python,ui-or-product,
Goida-AI-Unlocker,source/icons,2,21,0,21,16575,unknown,media,
Unlock_AI_and_EN_Services_for_Russia,.,0,4,1,8,855056,json;markdown;unknown,configuration;documentation;governance;implementation,source
Unlock_AI_and_EN_Services_for_Russia,source,1,1,2,4,809275,unknown,implementation,META-INF;system
Unlock_AI_and_EN_Services_for_Russia,source/META-INF,2,0,1,2,3811,unknown,implementation,com
Unlock_AI_and_EN_Services_for_Russia,source/META-INF/com,3,0,1,2,3811,unknown,implementation,google
Unlock_AI_and_EN_Services_for_Russia,source/META-INF/com/google,4,0,1,2,3811,unknown,implementation,android
Unlock_AI_and_EN_Services_for_Russia,source/META-INF/com/google/android,5,2,0,2,3811,unknown,implementation,
Unlock_AI_and_EN_Services_for_Russia,source/system,2,0,1,1,805075,unknown,implementation,etc
Unlock_AI_and_EN_Services_for_Russia,source/system/etc,3,1,0,1,805075,unknown,implementation,
ZedPass,.,0,7,10,136,1422012,c;cpp;dart;html;json;kotlin;markdown;properties;swift;unknown;xml;yaml,configuration;documentation;governance;implementation;media;repository-administration;test-or-fixture;ui-or-product,.github;android;assets;ios;lib;linux;macos;test;web;windows
ZedPass,.github,1,0,1,1,2014,yaml,repository-administration,workflows
ZedPass,.github/workflows,2,1,0,1,2014,yaml,repository-administration,
ZedPass,android,1,4,2,19,12464,kotlin;properties;unknown;xml,configuration;implementation;media;ui-or-product,app;gradle
ZedPass,android/app,2,1,1,14,10537,kotlin;unknown;xml,media;ui-or-product,src
ZedPass,android/app/src,3,0,3,13,9742,kotlin;unknown;xml,media;ui-or-product,debug;main;profile
ZedPass,android/app/src/debug,4,1,0,1,378,xml,ui-or-product,
ZedPass,android/app/src/main,4,1,2,11,8986,kotlin;unknown;xml,media;ui-or-product,kotlin;res
ZedPass,android/app/src/main/kotlin,5,0,1,1,126,kotlin,ui-or-product,com
ZedPass,android/app/src/main/kotlin/com,6,0,1,1,126,kotlin,ui-or-product,cluvexstudio
ZedPass,android/app/src/main/kotlin/com/cluvexstudio,7,0,1,1,126,kotlin,ui-or-product,zedflow
ZedPass,android/app/src/main/kotlin/com/cluvexstudio/zedflow,8,1,0,1,126,kotlin,ui-or-product,
ZedPass,android/app/src/main/res,5,0,9,9,7044,unknown;xml,media;ui-or-product,drawable;drawable-v21;mipmap-hdpi;mipmap-mdpi;mipmap-xhdpi;mipmap-xxhdpi;mipmap-xxxhdpi;values;values-night
ZedPass,android/app/src/main/res/drawable,6,1,0,1,434,xml,ui-or-product,
ZedPass,android/app/src/main/res/drawable-v21,6,1,0,1,438,xml,ui-or-product,
ZedPass,android/app/src/main/res/mipmap-hdpi,6,1,0,1,544,unknown,media,
ZedPass,android/app/src/main/res/mipmap-mdpi,6,1,0,1,442,unknown,media,
ZedPass,android/app/src/main/res/mipmap-xhdpi,6,1,0,1,721,unknown,media,
ZedPass,android/app/src/main/res/mipmap-xxhdpi,6,1,0,1,1031,unknown,media,
ZedPass,android/app/src/main/res/mipmap-xxxhdpi,6,1,0,1,1443,unknown,media,
ZedPass,android/app/src/main/res/values,6,1,0,1,996,xml,ui-or-product,
ZedPass,android/app/src/main/res/values-night,6,1,0,1,995,xml,ui-or-product,
ZedPass,android/app/src/profile,4,1,0,1,378,xml,ui-or-product,
ZedPass,android/gradle,2,0,1,1,201,properties,configuration,wrapper
ZedPass,android/gradle/wrapper,3,1,0,1,201,properties,configuration,
ZedPass,assets,1,0,1,1,0,unknown,implementation,images
ZedPass,assets/images,2,1,0,1,0,unknown,implementation,
ZedPass,ios,1,1,5,39,61213,c;json;markdown;swift;unknown,configuration;documentation;implementation;media,Flutter;Runner;Runner.xcodeproj;Runner.xcworkspace;RunnerTests
ZedPass,ios/Flutter,2,3,0,3,834,unknown,implementation,
ZedPass,ios/Runner,2,3,2,26,30829,c;json;markdown;swift;unknown,configuration;documentation;implementation;media,Assets.xcassets;Base.lproj
ZedPass,ios/Runner.xcodeproj,2,1,2,5,28080,unknown,implementation,project.xcworkspace;xcshareddata
ZedPass,ios/Runner.xcodeproj/project.xcworkspace,3,1,1,3,599,unknown,implementation,xcshareddata
ZedPass,ios/Runner.xcodeproj/project.xcworkspace/xcshareddata,4,2,0,2,464,unknown,implementation,
ZedPass,ios/Runner.xcodeproj/xcshareddata,3,0,1,1,3833,unknown,implementation,xcschemes
ZedPass,ios/Runner.xcodeproj/xcshareddata/xcschemes,4,1,0,1,3833,unknown,implementation,
ZedPass,ios/Runner.xcworkspace,2,1,1,3,616,unknown,implementation,xcshareddata
ZedPass,ios/Runner.xcworkspace/xcshareddata,3,2,0,2,464,unknown,implementation,
ZedPass,ios/Runner/Assets.xcassets,3,0,2,21,24777,json;markdown;unknown,configuration;documentation;media,AppIcon.appiconset;LaunchImage.imageset
ZedPass,ios/Runner/Assets.xcassets/AppIcon.appiconset,4,16,0,16,23846,json;unknown,configuration;media,
ZedPass,ios/Runner/Assets.xcassets/LaunchImage.imageset,4,5,0,5,931,json;markdown;unknown,configuration;documentation;media,
ZedPass,ios/Runner/Base.lproj,3,2,0,2,3982,unknown,implementation,
ZedPass,ios/RunnerTests,2,1,0,1,285,swift,implementation,
ZedPass,lib,1,1,3,5,41274,dart,ui-or-product,providers;screens;theme
ZedPass,lib/providers,2,1,0,1,9177,dart,ui-or-product,
ZedPass,lib/screens,2,2,0,2,27800,dart,ui-or-product,
ZedPass,lib/theme,2,1,0,1,3296,dart,ui-or-product,
ZedPass,linux,1,2,2,10,15677,c;cpp;unknown,implementation,flutter;runner
ZedPass,linux/flutter,2,4,0,4,4018,c;cpp;unknown,implementation,
ZedPass,linux/runner,2,4,0,4,6888,c;cpp;unknown,implementation,
ZedPass,macos,1,1,5,28,223149,json;swift;unknown,configuration;implementation;media,Flutter;Runner;Runner.xcodeproj;Runner.xcworkspace;RunnerTests
ZedPass,macos/Flutter,2,3,0,3,379,swift;unknown,implementation,
ZedPass,macos/Runner,2,5,3,18,191730,json;swift;unknown,configuration;implementation;media,Assets.xcassets;Base.lproj;Configs
ZedPass,macos/Runner.xcodeproj,2,1,2,3,30271,unknown,implementation,project.xcworkspace;xcshareddata
ZedPass,macos/Runner.xcodeproj/project.xcworkspace,3,0,1,1,238,unknown,implementation,xcshareddata
ZedPass,macos/Runner.xcodeproj/project.xcworkspace/xcshareddata,4,1,0,1,238,unknown,implementation,
ZedPass,macos/Runner.xcodeproj/xcshareddata,3,0,1,1,3687,unknown,implementation,xcschemes
ZedPass,macos/Runner.xcodeproj/xcshareddata/xcschemes,4,1,0,1,3687,unknown,implementation,
ZedPass,macos/Runner.xcworkspace,2,1,1,2,390,unknown,implementation,xcshareddata
ZedPass,macos/Runner.xcworkspace/xcshareddata,3,1,0,1,238,unknown,implementation,
ZedPass,macos/Runner/Assets.xcassets,3,0,1,8,164317,json;unknown,configuration;media,AppIcon.appiconset
ZedPass,macos/Runner/Assets.xcassets/AppIcon.appiconset,4,8,0,8,164317,json;unknown,configuration;media,
ZedPass,macos/Runner/Base.lproj,3,1,0,1,23729,unknown,implementation,
ZedPass,macos/Runner/Configs,3,4,0,4,1337,unknown,implementation,
ZedPass,macos/RunnerTests,2,1,0,1,290,swift,implementation,
ZedPass,test,1,1,0,1,1058,dart,test-or-fixture,
ZedPass,web,1,3,1,7,43175,html;json;unknown,media;ui-or-product,icons
ZedPass,web/icons,2,4,0,4,40136,unknown,media,
ZedPass,windows,1,2,2,18,67854,c;cpp;unknown,implementation;media,flutter;runner
ZedPass,windows/flutter,2,4,0,4,4951,c;cpp;unknown,implementation,
ZedPass,windows/runner,2,11,1,12,58462,c;cpp;unknown,implementation;media,resources
ZedPass,windows/runner/resources,3,1,0,1,33772,unknown,media,
defyxVPN,.,0,10,12,315,4957405,c;cpp;dart;html;json;kotlin;markdown;properties;shell;swift;unknown;xml;yaml,configuration;documentation;generated;governance;implementation;media;repository-administration;script;test-or-fixture;ui-or-product,.github;.vscode;android;assets;ios;lib;linux;macos;scripts;test;web;windows
defyxVPN,.github,1,4,2,12,287429,markdown;unknown;yaml,media;repository-administration,ISSUE_TEMPLATE;images
defyxVPN,.github/ISSUE_TEMPLATE,2,3,0,3,2130,yaml,repository-administration,
defyxVPN,.github/images,2,1,1,5,283385,unknown,media,download
defyxVPN,.github/images/download,3,4,0,4,13687,unknown,media,
defyxVPN,.vscode,1,1,0,1,69,json,configuration,
defyxVPN,android,1,4,2,34,316858,kotlin;properties;unknown;xml,configuration;implementation;media;ui-or-product,app;gradle
defyxVPN,android/app,2,1,2,29,314919,kotlin;unknown;xml,media;ui-or-product,libs;src
defyxVPN,android/app/libs,3,1,0,1,0,unknown,ui-or-product,
defyxVPN,android/app/src,3,0,3,27,312182,kotlin;unknown;xml,media;ui-or-product,debug;main;profile
defyxVPN,android/app/src/debug,4,1,0,1,378,xml,ui-or-product,
defyxVPN,android/app/src/main,4,1,2,25,311426,kotlin;unknown;xml,media;ui-or-product,kotlin;res
defyxVPN,android/app/src/main/kotlin,5,0,1,2,24694,kotlin,ui-or-product,com
defyxVPN,android/app/src/main/kotlin/com,6,0,1,2,24694,kotlin,ui-or-product,defyx
defyxVPN,android/app/src/main/kotlin/com/defyx,7,0,1,2,24694,kotlin,ui-or-product,defyx
defyxVPN,android/app/src/main/kotlin/com/defyx/defyx,8,2,0,2,24694,kotlin,ui-or-product,
defyxVPN,android/app/src/main/res,5,0,7,22,283214,unknown;xml,media;ui-or-product,mipmap-anydpi-v26;mipmap-hdpi;mipmap-mdpi;mipmap-xhdpi;mipmap-xxhdpi;mipmap-xxxhdpi;values
defyxVPN,android/app/src/main/res/mipmap-anydpi-v26,6,1,0,1,328,xml,ui-or-product,
defyxVPN,android/app/src/main/res/mipmap-hdpi,6,4,0,4,24961,unknown,media,
defyxVPN,android/app/src/main/res/mipmap-mdpi,6,4,0,4,13480,unknown,media,
defyxVPN,android/app/src/main/res/mipmap-xhdpi,6,4,0,4,35776,unknown,media,
defyxVPN,android/app/src/main/res/mipmap-xxhdpi,6,4,0,4,82683,unknown,media,
defyxVPN,android/app/src/main/res/mipmap-xxxhdpi,6,4,0,4,124992,unknown,media,
defyxVPN,android/app/src/main/res/values,6,1,0,1,994,xml,ui-or-product,
defyxVPN,android/app/src/profile,4,1,0,1,378,xml,ui-or-product,
defyxVPN,android/gradle,2,0,1,1,203,properties,configuration,wrapper
defyxVPN,android/gradle/wrapper,3,1,0,1,203,properties,configuration,
defyxVPN,assets,1,0,6,63,2842156,json;unknown,configuration;media,flags;fonts;icons;images;lottie;settings
defyxVPN,assets/flags,2,33,0,33,371050,unknown,media,
defyxVPN,assets/fonts,2,5,0,5,365168,unknown,media,
defyxVPN,assets/icons,2,21,0,21,2026482,unknown,media,
defyxVPN,assets/images,2,2,0,2,38420,unknown,media,
defyxVPN,assets/lottie,2,1,0,1,38189,json,configuration,
defyxVPN,assets/settings,2,1,0,1,2847,json,configuration,
defyxVPN,ios,1,3,7,75,832210,c;json;markdown;swift;unknown,configuration;documentation;generated;implementation;media,Flutter;PacketTunnel;Runner;Runner.xcodeproj;Runner.xcworkspace;RunnerTests;build
defyxVPN,ios/Flutter,2,3,0,3,990,unknown,implementation,
defyxVPN,ios/PacketTunnel,2,3,0,3,12873,swift;unknown,implementation,
defyxVPN,ios/Runner,2,6,2,50,753660,c;json;markdown;swift;unknown,configuration;documentation;implementation;media,Assets.xcassets;Base.lproj
defyxVPN,ios/Runner.xcodeproj,2,1,2,6,56085,unknown,implementation,project.xcworkspace;xcshareddata
defyxVPN,ios/Runner.xcodeproj/project.xcworkspace,3,1,1,4,998,unknown,implementation,xcshareddata
defyxVPN,ios/Runner.xcodeproj/project.xcworkspace/xcshareddata,4,2,1,3,863,unknown,implementation,swiftpm
defyxVPN,ios/Runner.xcodeproj/project.xcworkspace/xcshareddata/swiftpm,5,1,0,1,399,unknown,implementation,
defyxVPN,ios/Runner.xcodeproj/xcshareddata,3,0,1,1,3833,unknown,implementation,xcschemes
defyxVPN,ios/Runner.xcodeproj/xcshareddata/xcschemes,4,1,0,1,3833,unknown,implementation,
defyxVPN,ios/Runner.xcworkspace,2,1,1,4,1087,unknown,implementation,xcshareddata
defyxVPN,ios/Runner.xcworkspace/xcshareddata,3,2,1,3,863,unknown,implementation,swiftpm
defyxVPN,ios/Runner.xcworkspace/xcshareddata/swiftpm,4,1,0,1,399,unknown,implementation,
defyxVPN,ios/Runner/Assets.xcassets,3,0,2,42,726747,json;markdown;unknown,configuration;documentation;media,AppIcon.appiconset;LaunchImage.imageset
defyxVPN,ios/Runner/Assets.xcassets/AppIcon.appiconset,4,37,0,37,725816,json;unknown,configuration;media,
defyxVPN,ios/Runner/Assets.xcassets/LaunchImage.imageset,4,5,0,5,931,json;markdown;unknown,configuration;documentation;media,
defyxVPN,ios/Runner/Base.lproj,3,2,0,2,3982,unknown,implementation,
defyxVPN,ios/RunnerTests,2,1,0,1,285,swift,implementation,
defyxVPN,ios/build,2,0,1,5,1317,json;unknown,generated,XCBuildData
defyxVPN,ios/build/XCBuildData,3,0,1,5,1317,json;unknown,generated,b422a1299732bb95a65b8b1eac6e7e86.xcbuilddata
defyxVPN,ios/build/XCBuildData/b422a1299732bb95a65b8b1eac6e7e86.xcbuilddata,4,5,0,5,1317,json;unknown,generated,
defyxVPN,lib,1,1,5,53,253361,dart,ui-or-product,app;common;core;modules;shared
defyxVPN,lib/app,2,2,1,3,9401,dart,ui-or-product,router
defyxVPN,lib/app/router,3,1,0,1,3638,dart,ui-or-product,
defyxVPN,lib/common,2,0,1,3,46061,dart,ui-or-product,dtos
defyxVPN,lib/common/dtos,3,3,0,3,46061,dart,ui-or-product,
defyxVPN,lib/core,2,0,2,8,10009,dart,ui-or-product,data;theme
defyxVPN,lib/core/data,3,0,1,6,4952,dart,ui-or-product,local
defyxVPN,lib/core/data/local,4,0,2,6,4952,dart,ui-or-product,remote;secure_storage
defyxVPN,lib/core/data/local/remote,5,0,1,2,2146,dart,ui-or-product,api
defyxVPN,lib/core/data/local/remote/api,6,2,0,2,2146,dart,ui-or-product,
defyxVPN,lib/core/data/local/secure_storage,5,4,0,4,2806,dart,ui-or-product,
defyxVPN,lib/core/theme,3,2,0,2,5057,dart,ui-or-product,
defyxVPN,lib/modules,2,0,4,32,177715,dart,ui-or-product,core;main;settings;splash
defyxVPN,lib/modules/core,3,4,0,4,11879,dart,ui-or-product,
defyxVPN,lib/modules/main,3,0,2,21,136779,dart,ui-or-product,application;presentation
defyxVPN,lib/modules/main/application,4,2,0,2,3586,dart,ui-or-product,
defyxVPN,lib/modules/main/presentation,4,0,2,19,133193,dart,ui-or-product,screens;widgets
defyxVPN,lib/modules/main/presentation/screens,5,1,0,1,10353,dart,ui-or-product,
defyxVPN,lib/modules/main/presentation/widgets,5,18,0,18,122840,dart,ui-or-product,
defyxVPN,lib/modules/settings,3,0,3,6,26006,dart,ui-or-product,models;presentation;providers
defyxVPN,lib/modules/settings/models,4,2,0,2,2458,dart,ui-or-product,
defyxVPN,lib/modules/settings/presentation,4,0,2,3,16024,dart,ui-or-product,screens;widgets
defyxVPN,lib/modules/settings/presentation/screens,5,1,0,1,3646,dart,ui-or-product,
defyxVPN,lib/modules/settings/presentation/widgets,5,2,0,2,12378,dart,ui-or-product,
defyxVPN,lib/modules/settings/providers,4,1,0,1,7524,dart,ui-or-product,
defyxVPN,lib/modules/splash,3,0,1,1,3051,dart,ui-or-product,presentation
defyxVPN,lib/modules/splash/presentation,4,1,0,1,3051,dart,ui-or-product,
defyxVPN,lib/shared,2,1,2,6,9760,dart,ui-or-product,providers;widgets
defyxVPN,lib/shared/providers,3,4,0,4,8508,dart,ui-or-product,
defyxVPN,lib/shared/widgets,3,1,0,1,852,dart,ui-or-product,
defyxVPN,linux,1,2,2,10,16059,c;cpp;unknown,implementation,flutter;runner
defyxVPN,linux/flutter,2,4,0,4,4990,c;cpp;unknown,implementation,
defyxVPN,linux/runner,2,4,0,4,6294,c;cpp;unknown,implementation,
defyxVPN,macos,1,3,5,30,234827,json;swift;unknown,configuration;implementation;media,Flutter;Runner;Runner.xcodeproj;Runner.xcworkspace;RunnerTests
defyxVPN,macos/Flutter,2,3,0,3,1408,swift;unknown,implementation,
defyxVPN,macos/Runner,2,5,3,18,191737,json;swift;unknown,configuration;implementation;media,Assets.xcassets;Base.lproj;Configs
defyxVPN,macos/Runner.xcodeproj,2,1,2,3,36827,unknown,implementation,project.xcworkspace;xcshareddata
defyxVPN,macos/Runner.xcodeproj/project.xcworkspace,3,0,1,1,238,unknown,implementation,xcshareddata
defyxVPN,macos/Runner.xcodeproj/project.xcworkspace/xcshareddata,4,1,0,1,238,unknown,implementation,
defyxVPN,macos/Runner.xcodeproj/xcshareddata,3,0,1,1,3695,unknown,implementation,xcschemes
defyxVPN,macos/Runner.xcodeproj/xcshareddata/xcschemes,4,1,0,1,3695,unknown,implementation,
defyxVPN,macos/Runner.xcworkspace,2,1,1,2,462,unknown,implementation,xcshareddata
defyxVPN,macos/Runner.xcworkspace/xcshareddata,3,1,0,1,238,unknown,implementation,
defyxVPN,macos/Runner/Assets.xcassets,3,0,1,8,164317,json;unknown,configuration;media,AppIcon.appiconset
defyxVPN,macos/Runner/Assets.xcassets/AppIcon.appiconset,4,8,0,8,164317,json;unknown,configuration;media,
defyxVPN,macos/Runner/Base.lproj,3,1,0,1,23729,unknown,implementation,
defyxVPN,macos/Runner/Configs,3,4,0,4,1344,unknown,implementation,
defyxVPN,macos/RunnerTests,2,1,0,1,290,swift,implementation,
defyxVPN,scripts,1,1,0,1,8954,shell,script,
defyxVPN,test,1,1,0,1,975,dart,test-or-fixture,
defyxVPN,web,1,3,1,7,43183,html;json;unknown,media;ui-or-product,icons
defyxVPN,web/icons,2,4,0,4,40136,unknown,media,
defyxVPN,windows,1,2,2,18,68499,c;cpp;unknown,implementation;media,flutter;runner
defyxVPN,windows/flutter,2,4,0,4,5582,c;cpp;unknown,implementation,
defyxVPN,windows/runner,2,11,1,12,58472,c;cpp;unknown,implementation;media,resources
defyxVPN,windows/runner/resources,3,1,0,1,33772,unknown,media,
goida-vpn-configs,.,0,3,4,74,137859630,json;markdown;python;unknown;yaml,configuration;documentation;governance;implementation;media;repository-administration,.github;githubmirror;qr-codes;source
goida-vpn-configs,.github,1,0,1,2,2016,yaml,repository-administration,workflows
goida-vpn-configs,.github/workflows,2,2,0,2,2016,yaml,repository-administration,
goida-vpn-configs,githubmirror,1,26,0,26,137611952,unknown,implementation,
goida-vpn-configs,qr-codes,1,26,0,26,64143,unknown,media,
goida-vpn-configs,source,1,4,2,17,101021,json;python;unknown,configuration;governance;implementation,config;src
goida-vpn-configs,source/config,2,3,0,3,26697,json,configuration,
goida-vpn-configs,source/src,2,10,0,10,35125,python,implementation,
goida-vpn-site,.,0,3,2,69,1203553,css;html;javascript;json;markdown;python;unknown;yaml,configuration;documentation;governance;implementation;media;repository-administration;ui-or-product,.github;source
goida-vpn-site,.github,1,0,1,1,2802,yaml,repository-administration,workflows
goida-vpn-site,.github/workflows,2,1,0,1,2802,yaml,repository-administration,
goida-vpn-site,source,1,5,1,65,1152067,css;html;javascript;json;python;unknown,configuration;implementation;media;ui-or-product,app
goida-vpn-site,source/app,2,3,4,60,1137095,css;html;javascript;json;python;unknown,media;ui-or-product,routes;services;static;templates
goida-vpn-site,source/app/routes,3,3,0,3,5306,python,ui-or-product,
goida-vpn-site,source/app/services,3,3,0,3,20814,python,ui-or-product,
goida-vpn-site,source/app/static,3,3,6,41,887150,css;javascript;json;unknown,media;ui-or-product,css;i18n;images;js;media;qr-codes
goida-vpn-site,source/app/static/css,4,1,0,1,74057,css,ui-or-product,
goida-vpn-site,source/app/static/i18n,4,1,0,1,130518,json,ui-or-product,
goida-vpn-site,source/app/static/images,4,1,0,1,62549,unknown,media,
goida-vpn-site,source/app/static/js,4,4,0,4,34095,javascript,ui-or-product,
goida-vpn-site,source/app/static/media,4,5,0,5,480341,unknown,media,
goida-vpn-site,source/app/static/qr-codes,4,26,0,26,64143,unknown,media,
goida-vpn-site,source/app/templates,3,2,1,10,214195,html,ui-or-product,components
goida-vpn-site,source/app/templates/components,4,8,0,8,144836,html,ui-or-product,
