wave,donor,module,surfaces,high_signal_surfaces,ui_product_surfaces,implementation_surfaces,test_surfaces,layers,current_outcome,current_product_surfaces,surface_sha256
224,Iran-configs-main,root,3,0,0,0,0,documentation;support/repository;test/fixture,proxy-format/parser oracles only; credential-bearing live endpoints never imported,Proxy parser tests / governance,fb638f30f112622f06c1a72c93e5878d2f3c41581baf1690ab42a8553d6d7aa9
224,Iran-v2ray-rules-main,.github,4,0,0,0,0,support/repository,"routing corpus provenance and immutable-artifact admission, mutable donor lists remain non-authoritative",Rules · routing artifact provenance,302964fe54310d6d0f62cfd5690f16432eaf42d80177c01d2104ac7cb050e3dc
224,Iran-v2ray-rules-main,assets,14,0,0,0,0,frontend/media,"routing corpus provenance and immutable-artifact admission, mutable donor lists remain non-authoritative",Rules · routing artifact provenance,d2cc94fcaaf4ebe63f1b18a02f2a4fcb39425618ad881eeb868b180c0c616136
224,Iran-v2ray-rules-main,root,4,1,0,0,0,data/config;documentation;governance,"routing corpus provenance and immutable-artifact admission, mutable donor lists remain non-authoritative",Rules · routing artifact provenance,e756c7fcef0e2cd718faa5690258c2ed8ab7c2184a6ded256b69fff6576f9d55
224,Iran-v2ray-rules-main,scripts,9,9,0,0,0,operations/deployment,"routing corpus provenance and immutable-artifact admission, mutable donor lists remain non-authoritative",Rules · routing artifact provenance,729f84b825cc3c5269d741e0e65ca6e51eff0ff0f80f240922a335eadd473171
224,Iran-v2ray-rules-main,v2rayN,8,8,0,0,0,data/config,"routing corpus provenance and immutable-artifact admission, mutable donor lists remain non-authoritative",Rules · routing artifact provenance,6b3fa007a85bd0f4fb3b738e64a4d6ababcf3cf503f4f707527def9479980e90
224,JJTcpOverHttpRelayVpn-python_testing_tcp_relay,.github,2,0,0,0,0,support/repository,adaptive idle polling extracted; scripted/MITM relay authority rejected,Runtime relay + Operations relay inspection,aea12408aea2cdf2650d05ff692c9b8558cdfee0f1e5c547158babadf8ed722d
224,JJTcpOverHttpRelayVpn-python_testing_tcp_relay,apps_script,7,6,0,4,0,backend/runtime;data/config;operations/deployment;test/fixture,adaptive idle polling extracted; scripted/MITM relay authority rejected,Runtime relay + Operations relay inspection,4316065c9114f06f53bbd123607d65fc77bd78a8f6e5d84070a8c3a56f4dc899
224,JJTcpOverHttpRelayVpn-python_testing_tcp_relay,docs,2,0,0,0,0,documentation,adaptive idle polling extracted; scripted/MITM relay authority rejected,Runtime relay + Operations relay inspection,e5fab2a3be1967dd8f6ca4874467642d6585bcec4cf17b3151e6f81892f84fd1
224,JJTcpOverHttpRelayVpn-python_testing_tcp_relay,root,12,7,0,2,0,backend/runtime;data/config;documentation;governance;operations/deployment;support/repository,adaptive idle polling extracted; scripted/MITM relay authority rejected,Runtime relay + Operations relay inspection,9d32fa4ed620bd6c2e0a91150461bfd5119af075aa917071218a68f830afa3e4
224,JJTcpOverHttpRelayVpn-python_testing_tcp_relay,scripts,1,1,0,0,0,operations/deployment,adaptive idle polling extracted; scripted/MITM relay authority rejected,Runtime relay + Operations relay inspection,44d56ce30f41dcb9f5291fca5acf4d877d8a49afd0a9aa6afac9937185b68e7b
224,JJTcpOverHttpRelayVpn-python_testing_tcp_relay,src,19,19,0,19,0,backend/runtime,adaptive idle polling extracted; scripted/MITM relay authority rejected,Runtime relay + Operations relay inspection,6e33fb005fb6fd438bc447141ce45f1d32ffb656fe8bf5b624846d3d175e6654
224,JJTcpOverHttpRelayVpn-python_testing_tcp_relay,tests,1,1,0,0,1,test/oracle,adaptive idle polling extracted; scripted/MITM relay authority rejected,Runtime relay + Operations relay inspection,4d400e574ecd2c7354572ecfaf67e01e466a4ad2104b7e9917ea257abbf7e2b0
224,LACUNA-Chain-main,root,4,3,0,2,0,backend/runtime;documentation;operations/deployment,negative guardrail: call-stack/EDR-spoofing capability removed from production surface,No operator authority,3ad85a2034f8861727a5623c02337fe83104c1fc26d92617cc6bab4ebd17bc52
224,LACUNA-Chain-main,shellcode,3,0,0,0,0,frontend/media;test/fixture,negative guardrail: call-stack/EDR-spoofing capability removed from production surface,No operator authority,44e171e76750fc54a8f90d096e557a8f2796a58b3dbd309211427007fcff24f1
224,kcp-go-master,.github,1,0,0,0,0,support/repository,shared KCP policy + real Go KCP runtime; AES-GCM opt-in; bounded FEC/tuning,Operations convergence lab; Connections runtime evidence,cf64c8daa1781c78544e675cb17c1d848a797ce860ecd343c12da92e3a0c36ff
224,kcp-go-master,assets,4,0,0,0,0,frontend/media,shared KCP policy + real Go KCP runtime; AES-GCM opt-in; bounded FEC/tuning,Operations convergence lab; Connections runtime evidence,46ac4179e73477c92bb6255595e0b0624722bd2cd41a0ae123354ccc60e4183c
224,kcp-go-master,examples,1,0,0,0,0,test/fixture,shared KCP policy + real Go KCP runtime; AES-GCM opt-in; bounded FEC/tuning,Operations convergence lab; Connections runtime evidence,c3844e1ba5c0020e66fd4e559f2e134161f2934a3adf37dd28bda7c11d059100
224,kcp-go-master,root,38,32,0,22,8,backend/runtime;data/config;documentation;governance;support/repository;test/oracle,shared KCP policy + real Go KCP runtime; AES-GCM opt-in; bounded FEC/tuning,Operations convergence lab; Connections runtime evidence,4045ae7a9712eefd2514302b505eca9f2aad688726d345c4149571f0c3a179ae
224,kcp-go-master,wireshark,2,0,0,0,0,documentation;test/fixture,shared KCP policy + real Go KCP runtime; AES-GCM opt-in; bounded FEC/tuning,Operations convergence lab; Connections runtime evidence,1a9e89d2c1c2080c39617728276bdbf085b0cad4c8717cedb60bb2f89c8a6587
224,l7-protocols-master,example_traffic,1,0,0,0,0,documentation,offline bounded RE2 signature admission; no DPI install authority,Rules · L7 signature admission,82b85ff084725d29c821b63a7cda828f9191fb9a65e9a7b493ccfbd5fde3d4fd
224,l7-protocols-master,extra,14,0,0,0,0,test/fixture,offline bounded RE2 signature admission; no DPI install authority,Rules · L7 signature admission,b1060374e28819b1949f992d15889a3eb7498cfbe5716cde378b7b65f83b8a72
224,l7-protocols-master,file_types,17,0,0,0,0,test/fixture,offline bounded RE2 signature admission; no DPI install authority,Rules · L7 signature admission,cd97b13409e6aa78fb66d533162f2766223dafc897782ce7ff2ecbce18c2d38c
224,l7-protocols-master,malware,3,0,0,0,0,test/fixture,offline bounded RE2 signature admission; no DPI install authority,Rules · L7 signature admission,9721afc88b0c3c5f8f91a2a43ef65e2e8c613409562ca354e927ea16dc349900
224,l7-protocols-master,protocols,115,0,0,0,0,test/fixture,offline bounded RE2 signature admission; no DPI install authority,Rules · L7 signature admission,ecc04c9f1337edd538026fcb1b205cff4bc8f822440284f2868ecc50927d3881
224,l7-protocols-master,root,8,2,0,0,0,data/config;governance;operations/deployment;test/fixture,offline bounded RE2 signature admission; no DPI install authority,Rules · L7 signature admission,cfd6542216cd448d8690d41038ec1e9bd9a9a352dc8813ae53a27b0a56653c81
224,l7-protocols-master,testing,139,139,0,0,139,test/oracle,offline bounded RE2 signature admission; no DPI install authority,Rules · L7 signature admission,e6b297f6d0420522844aaee8bd266752e2b1ccda6b7bab3be799ec522dec304f
224,l7-snake-main,Docker,1,1,0,0,0,operations/deployment,mesh route evidence with stale/unhealthy exclusion and bounded degraded penalty,Operations mesh diagnostics,2d0931a4ce1257ea6a291db2f099b9d978809a75ec1bf8950efda8f5d55b508c
224,l7-snake-main,banner,1,1,0,1,0,backend/runtime,mesh route evidence with stale/unhealthy exclusion and bounded degraded penalty,Operations mesh diagnostics,30a463556b4cf3017149891edd62a8b9943db4517a9bde7cabb80dbaa96898e7
224,l7-snake-main,centraldata,1,1,0,1,0,backend/runtime,mesh route evidence with stale/unhealthy exclusion and bounded degraded penalty,Operations mesh diagnostics,7010c71a9844065cac73d0e7187fbbcdb5fef86a7e28c4ddbb7b58625ea69845
224,l7-snake-main,checkconfig,1,1,0,1,0,backend/runtime,mesh route evidence with stale/unhealthy exclusion and bounded degraded penalty,Operations mesh diagnostics,00d2efd86f1634a0e79e619466977ba20828bb65e10ae50caad9aa0c78e1433a
224,l7-snake-main,client,1,1,0,1,0,backend/runtime,mesh route evidence with stale/unhealthy exclusion and bounded degraded penalty,Operations mesh diagnostics,3946bc0ac6659b83a297cfbf930948194e34f908888fee39a19294dbf87673c4
224,l7-snake-main,configchanger,1,1,0,1,0,backend/runtime,mesh route evidence with stale/unhealthy exclusion and bounded degraded penalty,Operations mesh diagnostics,5e7873696de8c41194b66d8ca20c41035e350d476be9a8fb8ba38c3a5636c594
224,l7-snake-main,configstruct,1,1,0,1,0,backend/runtime,mesh route evidence with stale/unhealthy exclusion and bounded degraded penalty,Operations mesh diagnostics,bed2e5e806a5d4c09bd14df4b95f3c8461bba550bfd580a55eb37e59e262f20e
224,l7-snake-main,kubernetes,4,4,0,0,0,operations/deployment,mesh route evidence with stale/unhealthy exclusion and bounded degraded penalty,Operations mesh diagnostics,5e25fc892d09381c9444a77d690a34f6a2e394731f96c3b3b9e6563b822dc4ff
224,l7-snake-main,pictures,1,0,0,0,0,frontend/media,mesh route evidence with stale/unhealthy exclusion and bounded degraded penalty,Operations mesh diagnostics,ff71640b6156d705c0bf487105d7de5e169335d4abf805f7010d3f38f193e89a
224,l7-snake-main,protoraw,1,1,0,1,0,backend/runtime,mesh route evidence with stale/unhealthy exclusion and bounded degraded penalty,Operations mesh diagnostics,17a437072b22d92c76f3177d96e8cbbfa2531f88326597733e1dbf18ded516ad
224,l7-snake-main,pt3status,2,2,0,2,0,backend/runtime,mesh route evidence with stale/unhealthy exclusion and bounded degraded penalty,Operations mesh diagnostics,9e9a7ece7482234fa6e6c39d1427566436ccbde9993bf6301e253101777235f7
224,l7-snake-main,root,3,1,0,1,0,backend/runtime;documentation;support/repository,mesh route evidence with stale/unhealthy exclusion and bounded degraded penalty,Operations mesh diagnostics,ce9e7a81a793c84150040e080e1ec60ba36b9c9a47a8b2170de309135584b1a7
224,l7-snake-main,server,1,1,0,1,0,backend/runtime,mesh route evidence with stale/unhealthy exclusion and bounded degraded penalty,Operations mesh diagnostics,58034cef4a56fd59cb230faed740ecf6aa2eaf9fab433bd9087f917c1fdb9ec5
224,l7-snake-main,slurper,1,1,0,1,0,backend/runtime,mesh route evidence with stale/unhealthy exclusion and bounded degraded penalty,Operations mesh diagnostics,d8752fb8388b8852b37eed8bb1df80e053e3e0c5db06dc5692248d51a289f11a
224,l7mp-master,.github,4,0,0,0,0,support/repository,health/load/circuit dispatch semantics recomposed into bounded endpoint pool,Connections · Endpoint dispatch evidence,466944e0325194bd89d65c211950819de487a654463be7a7e0c0540a086d57b5
224,l7mp-master,config,9,9,0,0,0,data/config,health/load/circuit dispatch semantics recomposed into bounded endpoint pool,Connections · Endpoint dispatch evidence,73ba1cd6a9ff24792e35a7762ba8696a4859cf1aaf91c594421899817e7b8ec2
224,l7mp-master,doc,10,0,0,0,0,documentation;test/fixture,health/load/circuit dispatch semantics recomposed into bounded endpoint pool,Connections · Endpoint dispatch evidence,c871b5d944107d3363b7ce4b9e0e45d8152cf049d641f3edde44a32ed431d7c6
224,l7mp-master,helm-charts,40,40,0,0,0,operations/deployment,health/load/circuit dispatch semantics recomposed into bounded endpoint pool,Connections · Endpoint dispatch evidence,f440cb9c46bae690befcec1bf1251d696d0bc697d916d04db37feecc8d007bb0
224,l7mp-master,k8s-operator,8,5,0,1,0,backend/runtime;data/config;documentation;operations/deployment;support/repository;test/fixture,health/load/circuit dispatch semantics recomposed into bounded endpoint pool,Connections · Endpoint dispatch evidence,6bb0cf0b0cc5dcfc82a1d00d1426b1f69307bce184b08a17782392810cb9d0e4
224,l7mp-master,kernel-offload,4,2,0,1,0,backend/runtime;data/config;documentation;test/fixture,health/load/circuit dispatch semantics recomposed into bounded endpoint pool,Connections · Endpoint dispatch evidence,170c983fd10dee2c6e076a0b63729b30b3ba4ec4f44452aa0c3eaf2ea9ba8469
224,l7mp-master,openapi,3,2,0,0,0,data/config;test/fixture,health/load/circuit dispatch semantics recomposed into bounded endpoint pool,Connections · Endpoint dispatch evidence,d53207fc150f6f78e166cda229cdce99b74542e26dcbb132493db46a82114cc9
224,l7mp-master,python-client,2,0,0,0,0,support/repository;test/fixture,health/load/circuit dispatch semantics recomposed into bounded endpoint pool,Connections · Endpoint dispatch evidence,1b9390f41b5929173257883965844243020757e0564d27ced829af0165cddf15
224,l7mp-master,root,26,17,0,13,0,backend/runtime;data/config;documentation;frontend/media;governance;operations/deployment;support/repository;test/fixture,health/load/circuit dispatch semantics recomposed into bounded endpoint pool,Connections · Endpoint dispatch evidence,805162240cef45d8d7da37d47fb673224ec28de02124eb38d2fe47d47ba1ef38
224,l7mp-master,test,41,40,0,40,0,backend/runtime;test/fixture,health/load/circuit dispatch semantics recomposed into bounded endpoint pool,Connections · Endpoint dispatch evidence,2b76e9cf73a81c8cb3503ff87ba7dc3b1736d452c7ba27e038dd76f44dcabb97
224,libXray-main,.github,2,0,0,0,0,support/repository,format/config/platform utility oracles; target runtime/parser owners remain authoritative,Proxy/runtime tests,a175a1a7cb039cf93214d7ad910ae23eac64c5ab1598d1f64d559ce2aeafb8b2
224,libXray-main,build,11,10,0,9,0,backend/runtime;data/config;test/fixture,format/config/platform utility oracles; target runtime/parser owners remain authoritative,Proxy/runtime tests,8c725d4019b4f729329153c047354f41ae8f059aafe8e3a2d50d618d6f750263
224,libXray-main,controller,2,2,0,2,0,backend/runtime,format/config/platform utility oracles; target runtime/parser owners remain authoritative,Proxy/runtime tests,ff2acce3b17b15cd9ae189ac7cc0d49ce220616ed99acb3bdb17d13e682072f0
224,libXray-main,desktop_bin,6,6,0,6,0,backend/runtime,format/config/platform utility oracles; target runtime/parser owners remain authoritative,Proxy/runtime tests,34e762a616f6bd8aba9a8ff2061c2b39600bbfb2899d7ccdf0a9bff18b1dc245
224,libXray-main,dns,5,5,0,5,0,backend/runtime,format/config/platform utility oracles; target runtime/parser owners remain authoritative,Proxy/runtime tests,4c122e163aac2a2070c49bde04c87fe32ed1b522b8fafe5d95e04e31897ad7e5
224,libXray-main,download_geo,1,1,0,1,0,backend/runtime,format/config/platform utility oracles; target runtime/parser owners remain authoritative,Proxy/runtime tests,0d099e21f58772fd4c35cd0449139f23ac61488fd1f634d936b779447c3f6021
224,libXray-main,geo,2,2,0,2,0,backend/runtime,format/config/platform utility oracles; target runtime/parser owners remain authoritative,Proxy/runtime tests,f598b8d1bebd53dbde5c84cb2357f426336a1c9bbbbf48b42d9be673bda1d3e7
224,libXray-main,memory,2,2,0,2,0,backend/runtime,format/config/platform utility oracles; target runtime/parser owners remain authoritative,Proxy/runtime tests,2c3dd2298e32f4562bd384aacd0b960a7c6dbff60ef1a4acae28520ffa2cec3b
224,libXray-main,nodep,4,4,0,4,0,backend/runtime,format/config/platform utility oracles; target runtime/parser owners remain authoritative,Proxy/runtime tests,6438ed20abfed50b666469909c34fb4ce0e30b63362de633ff65e14e69af96a8
224,libXray-main,readme,1,0,0,0,0,documentation,format/config/platform utility oracles; target runtime/parser owners remain authoritative,Proxy/runtime tests,3f3030e3cdf5e15430c2372142f8a60eecd8a23364a184ac56ce739ac405a858
224,libXray-main,root,10,7,0,4,1,backend/runtime;data/config;documentation;governance;support/repository;test/oracle,format/config/platform utility oracles; target runtime/parser owners remain authoritative,Proxy/runtime tests,22ef96d1795ad24c9930d7a4902356ffb7d5550cdd0ae68503ff28b1dc6f35b0
224,libXray-main,scripts,1,1,0,0,0,operations/deployment,format/config/platform utility oracles; target runtime/parser owners remain authoritative,Proxy/runtime tests,a3b07ec96973433fe04764182c90dc51a9cf82b641715e04f6231598c11ef718
224,libXray-main,share,11,11,0,8,3,backend/runtime;test/oracle,format/config/platform utility oracles; target runtime/parser owners remain authoritative,Proxy/runtime tests,cadd6aae1b632903101edc9fc45213360cedee40931baac1ae150200f0d9c6bc
224,libXray-main,xray,4,4,0,4,0,backend/runtime,format/config/platform utility oracles; target runtime/parser owners remain authoritative,Proxy/runtime tests,53b9d0e15499432bb1226c682bd3955091ec1b4e37d6715d7d582320e7c49d75
224,libkcp-master,root,29,23,0,22,0,backend/runtime;data/config;documentation;frontend/media;governance;support/repository,KCP/FEC protocol/test oracles consolidated into shared KCP policy/runtime,Operations convergence lab,5b76ed53fee6073abbc7b271154a354c319284e5839543148864dec6cfc58222
224,load-balancer-master,.github,1,0,0,0,0,support/repository,load/dispatch/failure semantics superseded by bounded quality-first endpoint pool,Connections · Endpoint dispatch evidence,bf2543a9bfb55ac02afd793dd23f6257612a132c1441dcf70d0cc06f3bb34e3a
224,load-balancer-master,.idea,4,0,0,0,0,support/repository;test/fixture,load/dispatch/failure semantics superseded by bounded quality-first endpoint pool,Connections · Endpoint dispatch evidence,22b4ef7f9db504b37cfebd3519571fb55fafa8deebf909e1760f6a20a90eb44e
224,load-balancer-master,algs,7,7,0,4,3,backend/runtime;test/oracle,load/dispatch/failure semantics superseded by bounded quality-first endpoint pool,Connections · Endpoint dispatch evidence,a082960589d1768127b0d6655896c4e557fe16bfe2d87bd6b2129be67853fe25
224,load-balancer-master,balancer,2,2,0,1,1,backend/runtime;test/oracle,load/dispatch/failure semantics superseded by bounded quality-first endpoint pool,Connections · Endpoint dispatch evidence,6a7e81a7cc6d33c21f0d3927951d4e16c9e5ae01997e897005cb442aa5b33f65
224,load-balancer-master,conf,1,1,0,1,0,backend/runtime,load/dispatch/failure semantics superseded by bounded quality-first endpoint pool,Connections · Endpoint dispatch evidence,afdf5e6df2f9056344f17996e87f9d91827752505067ce5ee0a99457a6687917
224,load-balancer-master,log,5,5,0,3,2,backend/runtime;test/oracle,load/dispatch/failure semantics superseded by bounded quality-first endpoint pool,Connections · Endpoint dispatch evidence,8d193b9d1ea4d0c2a73d54b8a1fa4a9d56e599b872a212370e0320aa35e0f426
224,load-balancer-master,root,8,5,0,1,0,backend/runtime;data/config;documentation;operations/deployment;support/repository;test/fixture,load/dispatch/failure semantics superseded by bounded quality-first endpoint pool,Connections · Endpoint dispatch evidence,1f18035c0dedc28568f771a7a4aef2dcb94f05308f69db3b1e9e673340cf52c9
224,log-demultiplexer-master,.github,1,0,0,0,0,support/repository,backpressure/drop evidence productized as local filter/export and websocket loss counters,Logs,143ae2f3eb28c63369933b288826698a56e4b81b57e71c78954349694a6e7863
224,log-demultiplexer-master,benches,3,3,0,0,3,test/oracle,backpressure/drop evidence productized as local filter/export and websocket loss counters,Logs,2635b5a8304283bfb6e1fce3121fc15b53490db35ac8896a1c0affce73233e59
224,log-demultiplexer-master,root,5,3,0,0,0,data/config;documentation;support/repository,backpressure/drop evidence productized as local filter/export and websocket loss counters,Logs,56dc4cecf3dab113c1b6da5463337b3e8690910b25e3ada27016e3f20a403997
224,log-demultiplexer-master,src,8,8,0,8,0,backend/runtime,backpressure/drop evidence productized as local filter/export and websocket loss counters,Logs,9c282ed4c313d0ce43c00c2d711e8d86a081a2628c7f759fbf7f0066256bf968
224,luci-app-https-dns-proxy-main,.github,6,0,0,0,0,support/repository,resolver provider catalog + policy/fallback evidence exposed without UCI ownership,"DNS · presets, policy, DoH pool evidence",128597b1afa5347b24c8c52c03b5202f9ef9ea0f099b6a7152b40d2a7a696a8a
224,luci-app-https-dns-proxy-main,htdocs,3,3,3,0,0,frontend/UI/UX,resolver provider catalog + policy/fallback evidence exposed without UCI ownership,"DNS · presets, policy, DoH pool evidence",2195d0b779aabc5569b1faff7727695d1bef1443eb33727bf7dd6e96a3a3af28
224,luci-app-https-dns-proxy-main,po,1,0,0,0,0,test/fixture,resolver provider catalog + policy/fallback evidence exposed without UCI ownership,"DNS · presets, policy, DoH pool evidence",5fe51d69672459fd86768648e67b6ed4f7e0292245864c1dbfaa5e850f705eb9
224,luci-app-https-dns-proxy-main,root,52,48,0,0,0,data/config;documentation;governance;test/fixture,resolver provider catalog + policy/fallback evidence exposed without UCI ownership,"DNS · presets, policy, DoH pool evidence",cc475260fd979263bd3d7dfb75e76f170eaaa7ed4d057867260d4aea59cf56c4
224,luci-app-https-dns-proxy-main,tests,3,3,0,0,0,operations/deployment,resolver provider catalog + policy/fallback evidence exposed without UCI ownership,"DNS · presets, policy, DoH pool evidence",29a491ae58cced2aa55516b6aca77edf6791474af51e2210d6256527cd23020d
224,marionette-master,.github,2,0,0,0,0,support/repository,bounded declarative traffic profile/state-graph planner; plugins/actions never execute,Operations convergence lab,87cf86b121a883127c527ef24dc2240520e5345b857f8d99d78821894ca90ae5
224,marionette-master,bin,2,0,0,0,0,test/fixture,bounded declarative traffic profile/state-graph planner; plugins/actions never execute,Operations convergence lab,4897c8e511101f40a12a4cfda509c0b6fca07d5eed82e315cafccf5b152b0439
224,marionette-master,examples,26,11,0,0,11,test/fixture;test/oracle,bounded declarative traffic profile/state-graph planner; plugins/actions never execute,Operations convergence lab,2ee2a8eedb54dde91192d3333a06b7ac2bb09188ba9d9a8f49ee9b88b0d61578
224,marionette-master,marionette,65,38,0,27,11,backend/runtime;documentation;test/fixture;test/oracle,bounded declarative traffic profile/state-graph planner; plugins/actions never execute,Operations convergence lab,0791c3e89a651fce2c39e0ede85fbf7e9c999bf532927f0ceecf7b8180612f1e
224,marionette-master,root,7,2,0,1,0,backend/runtime;data/config;documentation;governance;support/repository,bounded declarative traffic profile/state-graph planner; plugins/actions never execute,Operations convergence lab,b73e947b9112bdb8b997601b6134fd4660c8a3b49288330ebaa480702b081e77
224,mhurl-main,.github,1,0,0,0,0,support/repository,ambiguous multi-authority URL cases become parser guardrails,Proxy parser tests,2b4a6167e881f4013a364401bb39b66a427807f83c30aff36197f87e5a5c0e6c
224,mhurl-main,root,6,3,0,1,1,backend/runtime;data/config;documentation;governance;support/repository;test/oracle,ambiguous multi-authority URL cases become parser guardrails,Proxy parser tests,6fb1799dd0dbbcfab800dd6a95a2b5387487ddd4aba81846bd88852abd2c7f88
225,mitm-proxy,certs,2,0,0,0,0,support/repository,private-key-bearing artifacts become quarantine guard; interception runtime rejected,Operations artifact admission,1b2163d39cbfece6d6eab31bf702183a45c0c490ea1095ddf7cc323706e7b748
225,mitm-proxy,root,12,9,0,5,0,backend/runtime;data/config;documentation;support/repository,private-key-bearing artifacts become quarantine guard; interception runtime rejected,Operations artifact admission,c1cd6bc3fe290cb3609d638bc08a6d9dd3195c84e46d18824171b8268c1afbfd
225,mitm-relay,root,6,3,0,2,0,backend/runtime;documentation;operations/deployment;support/repository,relay/STARTTLS design inspection; arbitrary mutation/insecure TLS rejected,Operations relay inspection,2dbd3e9940ce2ef6b163f2051768920970e8dd45c1056e76ba21a0791373ebf2
225,routing-list,root,10,1,0,0,0,data/config;documentation;support/repository,rule grammar/provenance fixtures without importing mutable lists,Rules,e8d7e0a41fded289d76d2a2e700527347d4f90a69617c895f1f5dd311c9f79de
225,sing-box-rules,.github,3,0,0,0,0,support/repository,remote routing artifact provenance/digest admission without install authority,Rules,65c623fabc61b1dad2d2864a79690768c5c44c18e51cf2ed0467668d8b4a0ee8
225,sing-box-rules,root,2,0,0,0,0,documentation;support/repository,remote routing artifact provenance/digest admission without install authority,Rules,445d461598f0686eda9b01a4bb104a08f99293a33e065c69766187e00ec59b41
225,sing-box-rules,sing-geoip,5,4,0,2,0,backend/runtime;data/config;documentation,remote routing artifact provenance/digest admission without install authority,Rules,6ce1e9f97901a6b89d9e401212cbacb1e28745ec1caaef4230b6fe3245bc1b0f
225,sing-box-rules,sing-geosite,5,4,0,2,0,backend/runtime;data/config;documentation,remote routing artifact provenance/digest admission without install authority,Rules,82803f5a2b1f95dc89c3a16311fab3e0764f01f07a42d668b2ee8707786ef10d
225,sing-dns,.github,4,0,0,0,0,support/repository,DNS transport/fallback/cache/ECS/truncation policy without a second resolver,DNS,6fe7b884fb41e283500940252cf2f9a69f3b7c13292905c10cf9e1cae94e1277
225,sing-dns,quic,2,2,0,2,0,backend/runtime,DNS transport/fallback/cache/ECS/truncation policy without a second resolver,DNS,c09e5be6c60183ca3c033652829a38977bcfe040801ea4c02eb3547c835a7094
225,sing-dns,root,24,21,0,16,1,backend/runtime;data/config;documentation;support/repository;test/oracle,DNS transport/fallback/cache/ECS/truncation policy without a second resolver,DNS,4d2e175f1434031d070d9a654bb7bad04aa7ec43d6c4ae30f52a1c34f27ec06f
225,sing-mux,.github,4,0,0,0,0,support/repository,multiplex admission/capacity/padding/accounting policy around single SMUX owner,Connections,e22d3ceaffb88024f8bfad15bcb1006c7176a5b125d7b30345468e5f18353ffd
225,sing-mux,root,22,19,0,15,0,backend/runtime;data/config;documentation;support/repository,multiplex admission/capacity/padding/accounting policy around single SMUX owner,Connections,b42725a8442ef65f66950b3efceb6bfa08dfaac9acd20d095d041adb0c22867d
225,sni-bypass,.git,29,0,0,0,0,support/repository,"reversible DNS/TLS-router/redirect preflight, no installer mutation authority",Operations SNI gateway planner,9c5f0a4d5715c241834fa260e3bd9b558327a848009698d8a486768d1d3132f9
225,sni-bypass,root,3,1,0,0,0,documentation;operations/deployment,"reversible DNS/TLS-router/redirect preflight, no installer mutation authority",Operations SNI gateway planner,14ba32d9727cf3db3bb8eb947e049143f05cb7ba13149d56b1ddac562a057af0
225,sni-spoofing-go,.github,1,0,0,0,0,support/repository,"structured ClientHello/SNI, path evidence and bounded diagnostic UX; packet injector not copied",Dashboard/Operations,85ad23af6d7b3a8537248f049b1be1582171eb7cf39d269f30dcdf2885bae120
225,sni-spoofing-go,config,5,5,0,3,2,backend/runtime;test/oracle,"structured ClientHello/SNI, path evidence and bounded diagnostic UX; packet injector not copied",Dashboard/Operations,adff717110cdaf16d122b80176b04dbde319d67ce5e32a180c87499a8780f97d
225,sni-spoofing-go,connection,1,1,0,1,0,backend/runtime,"structured ClientHello/SNI, path evidence and bounded diagnostic UX; packet injector not copied",Dashboard/Operations,b72f011c89172b0af99f6405efd93bb984a6529fe68ecdcfd6e1cbd176c6f151
225,sni-spoofing-go,docs,1,0,0,0,0,documentation,"structured ClientHello/SNI, path evidence and bounded diagnostic UX; packet injector not copied",Dashboard/Operations,877e9128fb9ba91cf12670be228046d482b0517abb9c888e6c1f88d04bc2a79f
225,sni-spoofing-go,gui,36,29,2,12,3,backend/runtime;data/config;frontend/UI/UX;operations/deployment;support/repository;test/fixture;test/oracle,"structured ClientHello/SNI, path evidence and bounded diagnostic UX; packet injector not copied",Dashboard/Operations,0f377af13537dbbc0e36ec3289b11a80c3b678edabc780a5a1c8539f66550feb
225,sni-spoofing-go,guiapi,2,2,0,2,0,backend/runtime,"structured ClientHello/SNI, path evidence and bounded diagnostic UX; packet injector not copied",Dashboard/Operations,09399082f2ed29a408935c1ba67bc4b4d95f216ae073a30dfd5e20b93bdc88db
225,sni-spoofing-go,helper,16,16,0,14,2,backend/runtime;test/oracle,"structured ClientHello/SNI, path evidence and bounded diagnostic UX; packet injector not copied",Dashboard/Operations,da3152352f6f294810c5840bea6dd210c2afd5e89a0079eefe5f3d47efcba9a3
225,sni-spoofing-go,injection,15,15,0,11,4,backend/runtime;test/oracle,"structured ClientHello/SNI, path evidence and bounded diagnostic UX; packet injector not copied",Dashboard/Operations,e8b1a7c675c125fc6d0ed56884a00a99fc83fc4ba5d877555c070796de7932ac
225,sni-spoofing-go,network,1,1,0,1,0,backend/runtime,"structured ClientHello/SNI, path evidence and bounded diagnostic UX; packet injector not copied",Dashboard/Operations,06acaeedb8538acda93819c491c6050bfb7c003a181897fb7c16f11b7afee1c0
225,sni-spoofing-go,packet,8,8,0,6,2,backend/runtime;test/oracle,"structured ClientHello/SNI, path evidence and bounded diagnostic UX; packet injector not copied",Dashboard/Operations,fc9ea5293f0cea399ff118b1d06adda620c9dbfb61d02ad85f3b45750cc560d2
225,sni-spoofing-go,privilege,2,2,0,2,0,backend/runtime,"structured ClientHello/SNI, path evidence and bounded diagnostic UX; packet injector not copied",Dashboard/Operations,7788abe679e2e74f079dec717e8e69b766ee5cea6fc925b2748ba4ec2bb04f31
225,sni-spoofing-go,proxy,9,9,0,8,1,backend/runtime;test/oracle,"structured ClientHello/SNI, path evidence and bounded diagnostic UX; packet injector not copied",Dashboard/Operations,6cf0fc042ba737acc2191a0f13307d2cc1ea3a16c25a514898ccd7b39286c64f
225,sni-spoofing-go,root,10,7,0,1,1,backend/runtime;data/config;documentation;operations/deployment;support/repository;test/oracle,"structured ClientHello/SNI, path evidence and bounded diagnostic UX; packet injector not copied",Dashboard/Operations,2c332e0234edcdf1659f103b83dca4ed828e7f771d7f4c2ab2416ead6b6826af
225,sni-spoofing-python,root,9,5,0,4,0,backend/runtime;data/config;documentation;support/repository,parser/connection/packet-template oracles; packet injection authority superseded,SNI diagnostics,3071ec8784341d33d5d633fc520b3c9d0a2b422a5430a95a689cc28edc468dfb
225,sni-spoofing-python,utils,2,2,0,2,0,backend/runtime,parser/connection/packet-template oracles; packet injection authority superseded,SNI diagnostics,0df3a45d9961fd427fba37e41d28c733acd8c7811102b61071e54ee47d3e64ac
225,snispf-hj,.git,30,0,0,0,0,support/repository,first-response-qualified SNI pool lifecycle and bounded discovery; insecure CERT_NONE rejected,Operations/Dashboard,bf04fd698e37b081287e961bbd6636664b078d1d2241c228c4809196fc67ff2f
225,snispf-hj,root,7,3,0,1,0,backend/runtime;data/config;documentation;support/repository,first-response-qualified SNI pool lifecycle and bounded discovery; insecure CERT_NONE rejected,Operations/Dashboard,8283d3435a1073e9dfec59bed74ee19d4ce339d56c31cfbcef2c6ada45fd658e
225,snispf-hj,sni_spoofing,16,16,0,16,0,backend/runtime,first-response-qualified SNI pool lifecycle and bounded discovery; insecure CERT_NONE rejected,Operations/Dashboard,406a5631efcb3b6062570bfbae8d643d725aeba67e4d968d4d6ffd05779f5e4e
225,snispf-hj,tests,2,2,0,0,2,test/oracle,first-response-qualified SNI pool lifecycle and bounded discovery; insecure CERT_NONE rejected,Operations/Dashboard,05355715e7242c084a8450161964263d01cfa6ea682d128f0c47f597dd9aa5bb
225,tt,root,4,3,0,1,0,backend/runtime;data/config;documentation,terminal width/input/layout/progress primitives superseded by Bubble Tea/Lip Gloss TUI,TUI,88cdd961cb49e1da877a018cae8aeeba5db9f3d444a4715a4694ee95678e6b7f
225,tuic-impl,.github,1,0,0,0,0,support/repository,TUIC wire/option bounds; false raw-TCP covert TUIC retired,Core TUIC owner,0f7af82962c74f99f10f7682fe2329f3622af3e74e21e2cc994a7633f2fe43e6
225,tuic-impl,root,5,2,0,0,0,data/config;documentation;operations/deployment;support/repository,TUIC wire/option bounds; false raw-TCP covert TUIC retired,Core TUIC owner,f10d1fc19da332b24752fa17c81153ef8113ccae1b5ca38b53d4fef4534b2feb
225,tuic-impl,tuic,18,16,0,15,0,backend/runtime;data/config;documentation,TUIC wire/option bounds; false raw-TCP covert TUIC retired,Core TUIC owner,26fcd8b4338e89398d8acd001b02303c90d35889e0179103b2663cdfc1c09cf2
225,tuic-impl,tuic-client,6,6,0,5,0,backend/runtime;data/config,TUIC wire/option bounds; false raw-TCP covert TUIC retired,Core TUIC owner,fa22e6abffabd649e0e523ff23210b95553270e8b6ae9faecf457b01c3d78949
225,tuic-impl,tuic-quinn,3,2,0,1,0,backend/runtime;data/config;documentation,TUIC wire/option bounds; false raw-TCP covert TUIC retired,Core TUIC owner,7a3523cd8fa1e1a4a9a366f215745cfc5e4fdf8fc59fb1d64e9199c07fa8edaa
225,tuic-impl,tuic-server,5,5,0,4,0,backend/runtime;data/config,TUIC wire/option bounds; false raw-TCP covert TUIC retired,Core TUIC owner,eb3db786b83aa49898819c212133ad5445e243af07d2f7b5f80ffd4b30e346ba
225,tuic-spec,.github,3,0,0,0,0,support/repository,protocol framing/auth/0-RTT semantics used as target wire oracle,Core TUIC owner,57d395d6bf4eb889c9486e3617cbf7fcc380526e92e07f68c2adae45ea698bac
225,tuic-spec,root,6,0,0,0,0,documentation;support/repository,protocol framing/auth/0-RTT semantics used as target wire oracle,Core TUIC owner,fa0ff062c5e3d2b850f5e545f501cea006270e6d962eba79ae64588cc728d004
225,tun2socket,nat,4,4,0,4,0,backend/runtime,packet/NAT edge oracles harden actual userspace TUN owner; fake facades retired,TUN runtime,727ee51c44310610a4c4194ce8e17b899af7f7a27d91d21a0b7d197ae713be42
225,tun2socket,root,6,3,0,1,0,backend/runtime;data/config;documentation;support/repository,packet/NAT edge oracles harden actual userspace TUN owner; fake facades retired,TUN runtime,958722385f5e0d2b53bf073affd7e535f1577a8068243ad05075e60d4bc043a7
225,tun2socket,tcpip,14,12,0,9,3,backend/runtime;support/repository;test/oracle,packet/NAT edge oracles harden actual userspace TUN owner; fake facades retired,TUN runtime,dfebb8ec58d75e48d4bec9e6430a21e26f9f702fec3e7189a97c01ea5f140f2b
225,udp-ring-queue,receiver,5,5,0,4,0,backend/runtime;data/config,bounded eviction/batch/restore/counter policy; unsafe wire decoder rejected,Operations queue planner,dab7d058b508cc1529890b2f7ef0256a97e9dbcf514ddedc05004aaebda87350
225,udp-ring-queue,root,4,2,0,0,0,data/config;documentation;support/repository,bounded eviction/batch/restore/counter policy; unsafe wire decoder rejected,Operations queue planner,54845276b1949bf3f80474aeab0048a5c010e3d4b6d83743e58ddc179c685742
225,udp-ring-queue,sender,4,4,0,3,0,backend/runtime;data/config,bounded eviction/batch/restore/counter policy; unsafe wire decoder rejected,Operations queue planner,8bfaaaf7e66d033d83cef9009ab119f6fb73399ab9be0f301ea51b20463af56a
225,udp-ring-queue,shared,3,3,0,2,0,backend/runtime;data/config,bounded eviction/batch/restore/counter policy; unsafe wire decoder rejected,Operations queue planner,894e75c73e92d6c46c7d8a3669a5d97cb4464966a01671cffeafae00812b823f
225,uptimeflare,.github,4,0,0,0,0,support/repository,incident/maintenance lifecycle + recovery/grace/cooldown evidence,Health; Logs,c6a4fc6acee9c4432fdf7174d8e662624a46a976844b05725c521bf02e140614
225,uptimeflare,components,10,10,10,0,0,frontend/UI/UX,incident/maintenance lifecycle + recovery/grace/cooldown evidence,Health; Logs,a8809893a49a9ef7406c7848035d14312c4deda5de0b72fde4f58aa431bb7587
225,uptimeflare,deploy,2,2,0,2,0,backend/runtime,incident/maintenance lifecycle + recovery/grace/cooldown evidence,Health; Logs,95c539dc2bfa21bc2b156efbbc0e0bbf8b700994987c4eeded722a07285dfafb
225,uptimeflare,docs,1,0,0,0,0,test/fixture,incident/maintenance lifecycle + recovery/grace/cooldown evidence,Health; Logs,d08cb276f55524c860d6137325e378ba2acfe637e7e5b5eb234349476e94f8c1
225,uptimeflare,locales,5,5,0,0,0,data/config,incident/maintenance lifecycle + recovery/grace/cooldown evidence,Health; Logs,b5b0dd3019f8ce30e669cf676b6e8abeb9cda2bc424078da89416abebc53be7e
225,uptimeflare,pages,6,6,4,2,0,backend/runtime;frontend/UI/UX,incident/maintenance lifecycle + recovery/grace/cooldown evidence,Health; Logs,5b0a27e1acf93a7b26c015b49ed0c21262da6e9b52f84d000547308a78c112eb
225,uptimeflare,proxy,5,4,0,1,0,backend/runtime;data/config;support/repository,incident/maintenance lifecycle + recovery/grace/cooldown evidence,Health; Logs,d8228fce95b37c225d46887dac696c205db324470d2e91052f40dafd3cbb56e1
225,uptimeflare,public,2,0,0,0,0,support/repository;test/fixture,incident/maintenance lifecycle + recovery/grace/cooldown evidence,Health; Logs,10cdf5ca4b8da9a7f271e5e3e7e8f1f78590bda0ac269d45288df03baf6dc02b
225,uptimeflare,root,22,14,0,6,0,backend/runtime;data/config;documentation;operations/deployment;support/repository,incident/maintenance lifecycle + recovery/grace/cooldown evidence,Health; Logs,c0a128173e6cb7b7bd138ba641280706589a265f290c8819980cc1407c8db88c
225,uptimeflare,styles,1,1,1,0,0,frontend/UI/UX,incident/maintenance lifecycle + recovery/grace/cooldown evidence,Health; Logs,bb27f98942f166bbd68b8ca7dba3d82c04f95b6be7c1d59d88c75a71fb2b959e
225,uptimeflare,types,1,1,0,1,0,backend/runtime,incident/maintenance lifecycle + recovery/grace/cooldown evidence,Health; Logs,dc42e21c22fcfa2ce473fa36abeb3aad0e3860520040c95ba44aacfa49a6e74f
225,uptimeflare,util,3,3,0,3,0,backend/runtime,incident/maintenance lifecycle + recovery/grace/cooldown evidence,Health; Logs,4d8f20ed61668d54ba1f2d0e4448c11b67701463db5abb95f63c5cc927dfaf23
225,uptimeflare,worker,10,9,0,4,0,backend/runtime;data/config;support/repository,incident/maintenance lifecycle + recovery/grace/cooldown evidence,Health; Logs,67d95a2485f80cd66e614d64f87d4035fc2ec06cc157e07fa3f689c67dd05c8f
225,utls,.github,1,0,0,0,0,support/repository,fingerprint trial/reuse policy while TLS/ECH/QUIC internals remain upstream/current-owner,Operations; TLS runtime,9a83a461cc7072437035bf1161134383f08ec937e203acaddb968c042efdea8d
225,utls,dicttls,31,29,0,29,0,backend/runtime;documentation,fingerprint trial/reuse policy while TLS/ECH/QUIC internals remain upstream/current-owner,Operations; TLS runtime,9d64aace1d818829fb9f7727318ec28b9cc45f85c91f899619cac3b9bdab313f
225,utls,examples,3,3,0,3,0,backend/runtime,fingerprint trial/reuse policy while TLS/ECH/QUIC internals remain upstream/current-owner,Operations; TLS runtime,2fa6b920c0c42e54676b8b56d3e1d7beb96ed461348d5a86c292c0b29255a728
225,utls,fipsonly,2,2,0,1,1,backend/runtime;test/oracle,fingerprint trial/reuse policy while TLS/ECH/QUIC internals remain upstream/current-owner,Operations; TLS runtime,bcaebd350c2efc88a609c7c62d8a73854eb4203d784fe51b1369a178ce9e3e95
225,utls,internal,11,11,0,11,0,backend/runtime,fingerprint trial/reuse policy while TLS/ECH/QUIC internals remain upstream/current-owner,Operations; TLS runtime,bc8c4d8abe5ea0744b070eb79c637040824d5d1ba8f797ba5e16948259e04f1c
225,utls,root,74,67,0,41,23,backend/runtime;data/config;documentation;test/fixture;test/oracle,fingerprint trial/reuse policy while TLS/ECH/QUIC internals remain upstream/current-owner,Operations; TLS runtime,87991338991fcebe9517dca71aafafddae7d6f4dfc22f1ea36ca46e8c7651db7
225,utls,testdata,181,4,0,0,0,data/config;support/repository,fingerprint trial/reuse policy while TLS/ECH/QUIC internals remain upstream/current-owner,Operations; TLS runtime,1b548af0b6c49f2d2a853daedbebc14dcca4805eff1c7a787019e6b900982b65
225,utls,testenv,6,6,0,6,0,backend/runtime,fingerprint trial/reuse policy while TLS/ECH/QUIC internals remain upstream/current-owner,Operations; TLS runtime,889b3df7829d94f5bf921e75a0e5d7a5f67a3d7943eaba0e3661bf5a27e66e23
225,v2raya-scoop,.github,9,0,0,0,0,support/repository,immutable package/hash/service lifecycle reference; dynamic expression execution rejected,Update/install governance,b0a0a9a660923f372d56f9aab2d0abefe65d3dd49254178a565d21f1d2e47512
225,v2raya-scoop,.vscode,2,2,0,0,0,data/config,immutable package/hash/service lifecycle reference; dynamic expression execution rejected,Update/install governance,e9ad19b479131987ca4a6294da1a7019d13ecbf5a37fde867a3adcd703216094
225,v2raya-scoop,bin,6,6,0,0,0,operations/deployment,immutable package/hash/service lifecycle reference; dynamic expression execution rejected,Update/install governance,2198255863246e972c0593547466cbe00d346fe5815d00fab8d892269234a399
225,v2raya-scoop,bucket,7,7,0,0,0,data/config,immutable package/hash/service lifecycle reference; dynamic expression execution rejected,Update/install governance,98d1d340469b44ebee287118fa1f3d301345c5d9da05a72ed0b9c07408e520e8
225,v2raya-scoop,root,8,2,0,0,0,data/config;documentation;operations/deployment;support/repository,immutable package/hash/service lifecycle reference; dynamic expression execution rejected,Update/install governance,d2c6d933ebf9e467aee9479bd0842da95833546c86690072472ba8e737aaafe9
225,v2raya-scoop,scripts,8,8,0,0,0,operations/deployment,immutable package/hash/service lifecycle reference; dynamic expression execution rejected,Update/install governance,682f88e1555aa429f31b09060fdd9325b186bd83a0cb862d1359b879c342e1bf
225,v2rayng,.github,5,0,0,0,0,support/repository,profile search/mobile lifecycle/import/update/VPN oracles; stronger target owners retained,Profiles; Rules; Settings,5f11a36167e4f55d512a0d168fcd46fe433179d89df8a7e7a459f27ee7eaf89e
225,v2rayng,V2rayNG,367,253,139,102,3,backend/runtime;data/config;documentation;frontend/UI/UX;operations/deployment;support/repository;test/fixture;test/oracle,profile search/mobile lifecycle/import/update/VPN oracles; stronger target owners retained,Profiles; Rules; Settings,25d49e6804ba70ffc724d9fa82787913e45446897cd6b84e7fcd6293ff4a4adc
225,v2rayng,docs,1,0,0,0,0,documentation,profile search/mobile lifecycle/import/update/VPN oracles; stronger target owners retained,Profiles; Rules; Settings,af5030c321f5ae7d948acfbd8d6e6f35be662e1bab751411664790e81f6fdd1b
225,v2rayng,fastlane,4,0,0,0,0,documentation;test/fixture,profile search/mobile lifecycle/import/update/VPN oracles; stronger target owners retained,Profiles; Rules; Settings,ab4f3815fc67e562eec03f24223c8a8e2c386d361fd7ba8fd7fdb41540bac4a5
225,v2rayng,root,6,1,0,0,0,documentation;operations/deployment;support/repository,profile search/mobile lifecycle/import/update/VPN oracles; stronger target owners retained,Profiles; Rules; Settings,557b1b64703f0250b18d8d14770462a008e6af0c6a592d045fcf9a4a5f6fcf38
225,warpscanner-android,android-flet,20,12,0,10,0,backend/runtime;data/config;documentation;support/repository;test/fixture,ranked WARP scan evidence and export without activation/persistence authority,Settings,0367cab8a2e756b53c0ddf7abecf0fc7f93ce1d406d8f16a45122231519c2482
225,warpscanner-android,android-toga,82,66,0,65,0,backend/runtime;data/config;documentation;support/repository;test/fixture,ranked WARP scan evidence and export without activation/persistence authority,Settings,6d852a2d812bcd1b1301fd51ebf6b7f4ab76a3d89ec1c5337c89335f058ec529
225,warpscanner-android,root,2,0,0,0,0,documentation,ranked WARP scan evidence and export without activation/persistence authority,Settings,b04fa61e8fb6603127ec2ca910e98a2dee6e1297d8c865513da4af33dbf3e607
225,wintun,api,27,22,0,22,0,backend/runtime;support/repository,ring/packet admission hardens live Wintun owner; duplicate wrapper removed,Windows TUN runtime,cce4826524d0290610d4ff1c43a110930cbecce12dd38845b243ef04d451c053
225,wintun,driver,6,2,0,2,0,backend/runtime;support/repository,ring/packet admission hardens live Wintun owner; duplicate wrapper removed,Windows TUN runtime,0f2dd7bacc46deb3d32d35af31b6757d2dc50771d3bf4e58a09651d8223d95f0
225,wintun,example,3,1,0,1,0,backend/runtime;support/repository,ring/packet admission hardens live Wintun owner; duplicate wrapper removed,Windows TUN runtime,ff566365cf6b4d78e15e0aaa0c479234d170372963cefbf5e92f62a1f33bbb65
225,wintun,root,9,0,0,0,0,documentation;support/repository,ring/packet admission hardens live Wintun owner; duplicate wrapper removed,Windows TUN runtime,4bcadc875ed41fdf74a58c0d15ee5897948a68f38df7edaa21bc5b2b42a55c0b
225,wintun,setupapihost,3,2,0,2,0,backend/runtime;support/repository,ring/packet admission hardens live Wintun owner; duplicate wrapper removed,Windows TUN runtime,affa898888851dc6de03df1f62e736d7940653a0527dbfa8eef5467f5c7e670c
225,wireguard-go,.github,1,0,0,0,0,support/repository,AllowedIPs/replay/rate/cookie/key lifecycle readiness around existing WireGuard owner,Operations WireGuard planner,abd7c2c6433f8375b1d427179a9a53505af977b262ccb17ba5f741cbd960370b
225,wireguard-go,cmd,7,7,0,7,0,backend/runtime,AllowedIPs/replay/rate/cookie/key lifecycle readiness around existing WireGuard owner,Operations WireGuard planner,d5fc655daa1dc9150a0eb433489203c351bb312e9c4e8c0661d04d66b1c12dc4
225,wireguard-go,conn,23,23,0,20,3,backend/runtime;test/oracle,AllowedIPs/replay/rate/cookie/key lifecycle readiness around existing WireGuard owner,Operations WireGuard planner,a8101598392e945e43e1a079ca77d50656dfb684e90bccc2af6ca3824338f5c4
225,wireguard-go,device,45,45,0,28,17,backend/runtime;test/oracle,AllowedIPs/replay/rate/cookie/key lifecycle readiness around existing WireGuard owner,Operations WireGuard planner,fce96d3d5e5bd4dc0ae75358d1477cf52167e6d243061db53a0b7b454cbd3236
225,wireguard-go,ipc,9,9,0,8,1,backend/runtime;test/oracle,AllowedIPs/replay/rate/cookie/key lifecycle readiness around existing WireGuard owner,Operations WireGuard planner,2e5c411d89b1ebfa1869b823f4e688f9988938ca2bdffa5801c6f782c82a70ed
225,wireguard-go,ratelimiter,2,2,0,1,1,backend/runtime;test/oracle,AllowedIPs/replay/rate/cookie/key lifecycle readiness around existing WireGuard owner,Operations WireGuard planner,b6207737567cfc1b4c6453358bac690bce8e3d3cced70296797192cda803d9da
225,wireguard-go,replay,2,2,0,1,1,backend/runtime;test/oracle,AllowedIPs/replay/rate/cookie/key lifecycle readiness around existing WireGuard owner,Operations WireGuard planner,a9adaea16384c7c2c13be8a8efdca6bcefd041e18b95ceb535a2e83d3d3e72fb
225,wireguard-go,root,10,7,0,3,1,backend/runtime;data/config;documentation;support/repository;test/oracle,AllowedIPs/replay/rate/cookie/key lifecycle readiness around existing WireGuard owner,Operations WireGuard planner,e3e45a3f721c6aac86a515089591e397194232b9aa6799f0db6b56bbf9054417
225,wireguard-go,rwcancel,2,2,0,2,0,backend/runtime,AllowedIPs/replay/rate/cookie/key lifecycle readiness around existing WireGuard owner,Operations WireGuard planner,22f21b5289d478d124dce0aa743d971c0af319fdd87f6f88d2023b91a44691bd
225,wireguard-go,tai64n,2,2,0,1,1,backend/runtime;test/oracle,AllowedIPs/replay/rate/cookie/key lifecycle readiness around existing WireGuard owner,Operations WireGuard planner,5fd25e4edff7e151828f270d04fa182b1cbf8f0ea6a958a19d2a84ab5823598b
225,wireguard-go,tests,1,1,0,0,1,test/oracle,AllowedIPs/replay/rate/cookie/key lifecycle readiness around existing WireGuard owner,Operations WireGuard planner,d9fded7e46e28ad0806589c4a5c9d3823322d9cbe603e3110dac83f6ccf48952
225,wireguard-go,tsasm,18,11,0,4,6,backend/runtime;documentation;operations/deployment;support/repository;test/oracle,AllowedIPs/replay/rate/cookie/key lifecycle readiness around existing WireGuard owner,Operations WireGuard planner,0d692bbc6cdb3be60e8057b265f1ef746c7ed2b26dad3497958f2cf64bc03ed6
225,wireguard-go,tun,28,27,0,21,6,backend/runtime;support/repository;test/oracle,AllowedIPs/replay/rate/cookie/key lifecycle readiness around existing WireGuard owner,Operations WireGuard planner,28f875bd58e039da469f8f96089df501ed6ab82f5c66e4d3d023faad50bd4988
225,wormhole,cli,3,3,0,2,1,backend/runtime;test/oracle,bounded declarative network workflow with reverse cleanup; no shell/docker/netns execution,Operations workflow planner,a9b999c82c9bc4d8ee45ccb4480bcffa84474b25693cfb7a8c0c0204aa5730b2
225,wormhole,client,1,1,0,1,0,backend/runtime,bounded declarative network workflow with reverse cleanup; no shell/docker/netns execution,Operations workflow planner,932240ceadce55092e5a3586b25d8b4ada52cbc0d7432fad6a541dafca0f6e74
225,wormhole,main,2,2,0,2,0,backend/runtime,bounded declarative network workflow with reverse cleanup; no shell/docker/netns execution,Operations workflow planner,8cbfa4b72d96c9978161c9fa256cb510bd1fe98ab10343b8cdb791355a6ed6c9
225,wormhole,mysql,2,2,0,0,0,data/config;operations/deployment,bounded declarative network workflow with reverse cleanup; no shell/docker/netns execution,Operations workflow planner,dd6aa4de861dd092765842fe4d1479411d97e67d486265ceb689bc9794cdc478
225,wormhole,pkg,17,15,0,11,4,backend/runtime;documentation;test/oracle,bounded declarative network workflow with reverse cleanup; no shell/docker/netns execution,Operations workflow planner,6eeb8ef161429f504e157a7e8f973a19e1b159df473b12d260e80a733e88e75a
225,wormhole,pong,4,3,0,1,0,backend/runtime;data/config;operations/deployment;support/repository,bounded declarative network workflow with reverse cleanup; no shell/docker/netns execution,Operations workflow planner,9be3ef177735d61f82c69791dea711cb74307fb9e3064c9d1cf2acb6ba9bf755
225,wormhole,root,5,2,0,0,1,data/config;documentation;support/repository;test/oracle,bounded declarative network workflow with reverse cleanup; no shell/docker/netns execution,Operations workflow planner,d84ad3d8d6ae72ffab79f0f6f3ecec72aa2a37d00d3180b887217d6f6a41c5dc
225,wormhole,server,7,7,0,6,1,backend/runtime;test/oracle,bounded declarative network workflow with reverse cleanup; no shell/docker/netns execution,Operations workflow planner,cacb71a7cd740eb2678e0a5ae20dd6e66a4d7b39fcd16bab7eb50c8fcdfb3e8c
225,wormhole,utils,2,2,0,1,1,backend/runtime;test/oracle,bounded declarative network workflow with reverse cleanup; no shell/docker/netns execution,Operations workflow planner,8b9c50356e95728c49c5c74e15157d987063c02658a4a044808a324aa69cab52
225,wormhole,wordpress,2,2,0,0,0,data/config;operations/deployment,bounded declarative network workflow with reverse cleanup; no shell/docker/netns execution,Operations workflow planner,b99dfc92d8a0d61de25400cce4fd6b9f98faf489e1fa26dc2d3b6dc4b6c0cdd9
226,browser-ext,firefox,8,4,1,2,0,backend/runtime;data/config;frontend/UI/UX;test/fixture,profile/native-host/loopback handoff readiness without mutation,Settings,e4875f6554821dede4ed77fe42f0922e7158c2469259908d4455591064813eaf
226,browser-ext,root,14,7,1,3,0,backend/runtime;data/config;documentation;frontend/UI/UX;support/repository;test/fixture,profile/native-host/loopback handoff readiness without mutation,Settings,4fd524ede8915fabb15e450f4200d7eca4ed9b189d49107c1e90bc657738e93f
226,mwgp,cmd,3,2,0,2,0,backend/runtime;support/repository,source-bound expiring receiver-index mappings + obfuscation claim guardrail,Operations,5c33be69b9e8b8a5495b2ffdf32f969d7cc2450c13e9b2e3f323f2f7c2028697
226,mwgp,release,5,5,0,0,0,data/config;operations/deployment,source-bound expiring receiver-index mappings + obfuscation claim guardrail,Operations,d7b12afbec8ec80bb18261f286ca55238f3c99a74c8ddcef3d12e08b6afe39b8
226,mwgp,resolvers,3,3,0,2,1,backend/runtime;test/oracle,source-bound expiring receiver-index mappings + obfuscation claim guardrail,Operations,dac1f90ddbbd6ca5cafef5aeec318e60b0322554a4b89f134a1b24e18ddd7300
226,mwgp,root,20,16,0,9,4,backend/runtime;data/config;documentation;support/repository;test/oracle,source-bound expiring receiver-index mappings + obfuscation claim guardrail,Operations,acc09e2c9c014c9cb27e41aa8ff38597160203f4c4da04c52955df7bca147aee
226,paas-gateway,.github,1,0,0,0,0,support/repository,immutable gateway DAG/start/rollback/recovery plan,Operations,3dfbfee8bca20e1fa67ecb044cb510c248ee854716eecff83bd12d5ddc38b653
226,paas-gateway,content,9,3,0,0,0,data/config;operations/deployment;support/repository,immutable gateway DAG/start/rollback/recovery plan,Operations,677af68b8271e410b90362417e1a5cfa32b733988387c16aa32c371c3eb250b9
226,paas-gateway,root,7,4,0,0,0,data/config;documentation;operations/deployment;support/repository,immutable gateway DAG/start/rollback/recovery plan,Operations,27a7065dfa9989701fe5f411b7425a0d487fc06c5a75b0a71c1a61ef7c511698
226,reverse-tls,root,5,3,0,2,0,backend/runtime;documentation;operations/deployment,reverse/listener lifecycle recomposed into gateway DAG,Operations,bfa92963b3396506c610f04351ad65dea14d0688c24e823af09c87f0f4cd6e16
226,shadowsocks-crypto,.github,2,0,0,0,0,support/repository,SS2022 key admission + sole external-core runtime,Profiles/Connections,9f6cfc064951649579c7c412a80e619b6409dcec005b397524ae64e763460a70
226,shadowsocks-crypto,root,5,2,0,0,0,data/config;documentation;support/repository,SS2022 key admission + sole external-core runtime,Profiles/Connections,d3c74b1998ea0626574a506c661c2152aad0fcd7a1ee44a90fa3164b6bc961cd
226,shadowsocks-crypto,src,39,39,0,39,0,backend/runtime,SS2022 key admission + sole external-core runtime,Profiles/Connections,8728f224c50bca1dac6c3e681ecd7e0c1709461d3d4ab7d7307e71d78fc63ee1
226,shadowsocks-rust,.circleci,1,1,0,0,0,data/config,runtime/crypto oracle; duplicate local authorities retired,Profiles/Connections,0b029de0cd3747b71abe3ec9794814a2baa4af427bf942c54dae2135c22f0880
226,shadowsocks-rust,.cursor,1,0,0,0,0,support/repository,runtime/crypto oracle; duplicate local authorities retired,Profiles/Connections,4edc430f8def66023a2d9a593b5c6b1a0183398290a8fc9c75600e625b702c47
226,shadowsocks-rust,.github,8,0,0,0,0,support/repository,runtime/crypto oracle; duplicate local authorities retired,Profiles/Connections,a674a97392e2bb5758da1fe6878601e35d4225515abb9b4907a43d9ceaac568e
226,shadowsocks-rust,acl,1,1,0,1,0,backend/runtime,runtime/crypto oracle; duplicate local authorities retired,Profiles/Connections,0bac4af73667a420c44a3de2fc514caf1ebeb699c537da83ed7a7715dda82066
226,shadowsocks-rust,bin,6,6,0,6,0,backend/runtime,runtime/crypto oracle; duplicate local authorities retired,Profiles/Connections,6f9f816668eac15614e45271fbbd8a34419253e4536ca98ce11d2e5aa97c57cb
226,shadowsocks-rust,build,4,1,0,0,0,documentation;operations/deployment;support/repository,runtime/crypto oracle; duplicate local authorities retired,Profiles/Connections,15bfa066a1e2c4ec5175afa853933c5dd86817312a12631bf5e4eaa07ce3121f
226,shadowsocks-rust,configs,6,5,0,1,0,backend/runtime;data/config;operations/deployment;support/repository,runtime/crypto oracle; duplicate local authorities retired,Profiles/Connections,26196be0a08ecf405944192d88a5d951a387ff9cb27847e6a79942dcd69b9ba2
226,shadowsocks-rust,crates,183,180,0,175,3,backend/runtime;data/config;documentation;test/oracle,runtime/crypto oracle; duplicate local authorities retired,Profiles/Connections,6db0b23119fdeb0b844bac3146f9f14e9dccf3eda67e14d84006190b4e5da952
226,shadowsocks-rust,debian,15,4,0,0,0,data/config;documentation;operations/deployment;support/repository,runtime/crypto oracle; duplicate local authorities retired,Profiles/Connections,e7ac43ce53e831abb845e2ff4f29bc57d3417c4280ad3fd7cb8ea96e4eb333a0
226,shadowsocks-rust,docker,3,3,0,0,0,operations/deployment,runtime/crypto oracle; duplicate local authorities retired,Profiles/Connections,016f3ceead21d1d3164d7f352a5b7df040ce2a9de05dcec4671755b87b922c00
226,shadowsocks-rust,examples,2,2,0,0,0,data/config,runtime/crypto oracle; duplicate local authorities retired,Profiles/Connections,36095d1c8208dd659d0cfd9a815db73c1ec09e803b1eac85762e786b27dce28e
226,shadowsocks-rust,homebrew,1,0,0,0,0,support/repository,runtime/crypto oracle; duplicate local authorities retired,Profiles/Connections,78df191934dd08dfe74c1c210b8798bef144c19f1285dff8103fd95661d45635
226,shadowsocks-rust,k8s,12,9,0,0,1,data/config;documentation;support/repository;test/oracle,runtime/crypto oracle; duplicate local authorities retired,Profiles/Connections,1be05a644613630ad3d3092f7d33a1485cb9623768cf3764ae4f5ff7b9eed4b5
226,shadowsocks-rust,root,17,13,0,0,0,data/config;documentation;operations/deployment;support/repository,runtime/crypto oracle; duplicate local authorities retired,Profiles/Connections,675192d4f9f174171c9408adbffcce2047f70f2e06cf3089fc319e1369bfb2fc
226,shadowsocks-rust,selinux,3,0,0,0,0,documentation;support/repository,runtime/crypto oracle; duplicate local authorities retired,Profiles/Connections,098f9c4337799ce9983f88d57b668ea8bd16230a90da65433d167b557d241854
226,shadowsocks-rust,snap,1,1,0,0,0,data/config,runtime/crypto oracle; duplicate local authorities retired,Profiles/Connections,e23b4f9a6c242290169911fb6f243f3bb8a570ac128f141ae43d71799df28010
226,shadowsocks-rust,src,23,23,0,23,0,backend/runtime,runtime/crypto oracle; duplicate local authorities retired,Profiles/Connections,3d5ad0d2bb4722650b094eea2ccc3db155e1f27059c576e576324c4cc347a80a
226,shadowsocks-rust,tests,6,6,0,0,6,test/oracle,runtime/crypto oracle; duplicate local authorities retired,Profiles/Connections,87ad94fe1e3ed6353aadc71b529e1ca1bd1c9b2aa3a184131ba274e8adbc0328
226,shadowsocksr,obfs,6,6,0,6,0,backend/runtime,unsupported SSR/unknown protocol fails closed,Connections,c6096d71cdad3ab204a9689564f11cd11742466bf844aa0a4f79a3003a1cfb83
226,shadowsocksr,protocol,8,8,0,8,0,backend/runtime,unsupported SSR/unknown protocol fails closed,Connections,cf0067bea63cff93d0d459f1ade1672c13bcbcbf0381e789b0abccf73e87268e
226,shadowsocksr,root,5,3,0,1,0,backend/runtime;data/config;documentation;support/repository,unsupported SSR/unknown protocol fails closed,Connections,ae8c47353989fd5e5cbd2b1fad3ded2a3438c590684f9e11358b0530472d04b3
226,shadowsocksr,ssr,3,3,0,3,0,backend/runtime,unsupported SSR/unknown protocol fails closed,Connections,8da731371151af2a8d58163efdfa0a7b18178d55d045699ae620db5ad5609943
226,shadowsocksr,streamCipher,1,1,0,1,0,backend/runtime,unsupported SSR/unknown protocol fails closed,Connections,a3becd8362b49856aa296d07e41a623b1af0dab1b35ccb69f64498146c03cf74
226,shadowsocksr,tools,3,3,0,3,0,backend/runtime,unsupported SSR/unknown protocol fails closed,Connections,04aeef769e3d399a00403f7a0a72a38037efbd646314684afadd77426dad8f0f
226,srsc,.github,7,0,0,0,0,support/repository,local bounded rule normalization only,Rules,c16c38c61b3ff91702d7d8bd1a1207641804f03d22925af6cb97009fa17dac01
226,srsc,adapter,6,6,0,6,0,backend/runtime,local bounded rule normalization only,Rules,0719f90b2d8626838eeadcf9f4cef203dd5adee2f0be45f8b0b91dedd30cd1e2
226,srsc,cache,3,3,0,3,0,backend/runtime,local bounded rule normalization only,Rules,06dc64baf21af26b0d9e04c9a88b68cf058f51c6245a68b788ab0d0154b31d6f
226,srsc,cmd,7,7,0,7,0,backend/runtime,local bounded rule normalization only,Rules,709031b0ae44fa6f348fbde3fdf2f190ee89a14f34d381b075313a99f65db561
226,srsc,common,1,1,0,1,0,backend/runtime,local bounded rule normalization only,Rules,3afafa694cfe0af68b5c125defc42c880d7f69ae1b6ca3b0bd5a078f254401d2
226,srsc,constant,5,5,0,5,0,backend/runtime,local bounded rule normalization only,Rules,e3d73a91454c9173b489d2b567da285d170c5611b38bd9895ae44489a35894d9
226,srsc,convertor,20,20,0,19,1,backend/runtime;test/oracle,local bounded rule normalization only,Rules,0b21d8375f9a7e9983504e81dd7283b9330fdb4d95a65d804b6cb0c950a4bfc1
226,srsc,docs,25,1,0,0,0,documentation;operations/deployment;support/repository,local bounded rule normalization only,Rules,170dfc006c38bb95c64753171cc430438499ba62181947786997dfc535bb9622
226,srsc,endpoint,1,1,0,1,0,backend/runtime,local bounded rule normalization only,Rules,dfca9c1dda53869c3c106825c90252db0884491a40a53358ed20c9b45cb8e625
226,srsc,option,5,5,0,5,0,backend/runtime,local bounded rule normalization only,Rules,53c5e6485ae27fda417acacbc102cb5fb544ceec7e6eb8f93802d9abb1c5c603
226,srsc,release,8,3,0,0,0,data/config;operations/deployment;support/repository,local bounded rule normalization only,Rules,2219c462b5015d650a56aeb17a693d696e532663fd9656e22930bc01701e4246
226,srsc,resource,1,1,0,1,0,backend/runtime,local bounded rule normalization only,Rules,d584aac628c6b05bfc0ea828102a156744135b0822f53c8e5174658df55ee451
226,srsc,root,11,8,0,1,0,backend/runtime;data/config;documentation;operations/deployment;support/repository,local bounded rule normalization only,Rules,3f1bdd15db3136ef4fac2b98dff52e6ed4019ea5ce36214de120a3be7f159c46
226,srsc,source,3,3,0,3,0,backend/runtime,local bounded rule normalization only,Rules,e516b079157b7a7a30a71096a16015a4610288c2eef08a07628c9509ff1608d9
226,ssh,agent,9,9,0,4,5,backend/runtime;test/oracle,pre-network authentication admission around dependency-owned SSH,Connections,cbac9707cae037b9916191c5702b90c92aff3babde9d5981ac35c044481d061b
226,ssh,internal,20,16,0,13,3,backend/runtime;support/repository;test/oracle,pre-network authentication admission around dependency-owned SSH,Connections,d2d33021f06fa0de256964d1743c6e4af62a8f845a9e6aabd14337542034b202
226,ssh,knownhosts,2,2,0,1,1,backend/runtime;test/oracle,pre-network authentication admission around dependency-owned SSH,Connections,52a9b5819e9990f74188a4ff94d821ac1f82dbf005854bc90476d221e427f1bf
226,ssh,root,47,44,0,22,21,backend/runtime;data/config;documentation;support/repository;test/oracle,pre-network authentication admission around dependency-owned SSH,Connections,919f04f063e5d2e60f1e22dd0343efd2f37d3e469aa9480222b8fb3c252a21da
226,ssh,test,15,15,0,0,15,test/oracle,pre-network authentication admission around dependency-owned SSH,Connections,8aa64206b3cd29a97e64eefd2b8e55cff9ac921975ed3c78ffab4423e931803b
226,ssh,testdata,46,2,0,2,0,backend/runtime;support/repository,pre-network authentication admission around dependency-owned SSH,Connections,b5eac53da0ce29f423e5d8eb9269b825c54bc7cd4f1602facb48ac3b12e71c5a
226,subconverter,.github,5,0,0,0,0,support/repository,local bounded rule normalization; remote/template/script server authority superseded,Rules,442555a2c6eaccff950fa90bb11fbdda24a2109380430c4f7f7cd5b983c00da6
226,subconverter,base,399,58,0,0,0,data/config;documentation;support/repository,local bounded rule normalization; remote/template/script server authority superseded,Rules,b8e1e4395c9c3164f6844249ab6c5a3df01d9989642082aef64f6643be091c46
226,subconverter,cmake,6,0,0,0,0,support/repository,local bounded rule normalization; remote/template/script server authority superseded,Rules,f0b9b7e03436935d87e6bd6fb773ba008268042206ba767ddb4c796e25c7259c
226,subconverter,include,4,4,0,4,0,backend/runtime,local bounded rule normalization; remote/template/script server authority superseded,Rules,ece6f55e4285dfbaf760adf08bbfea78b565343a09e25e73b2770eccc0e724b8
226,subconverter,root,7,1,0,0,0,data/config;documentation;support/repository,local bounded rule normalization; remote/template/script server authority superseded,Rules,dd5b47bc4336fe77b95d93cf03e1eaaf2e3136394607fc4fccbb2efc64f41fab
226,subconverter,scripts,9,9,0,0,0,operations/deployment,local bounded rule normalization; remote/template/script server authority superseded,Rules,be19c44aa14cfc10b05ceb0952ce7c988803e847f11ab05a3a2bc9df49e291cb
226,subconverter,src,78,78,0,78,0,backend/runtime,local bounded rule normalization; remote/template/script server authority superseded,Rules,66ff36fca09fb1c59e97729967eadedc2f3291f854c61be4982818f0056577e8
226,tailscale-client,.github,2,0,0,0,0,support/repository,credential-free transactional change plan,Settings,4e9ff38051391df601e5c54b2e9030ce76ba0d226ad3f739310246413e37ea4a
226,tailscale-client,root,4,2,0,0,0,data/config;documentation,credential-free transactional change plan,Settings,19a898fff976516f86acc481e54c341172ee45285bc6d9d5a13bc1782f9ec67d
226,tailscale-client,scripts,1,1,0,0,0,operations/deployment,credential-free transactional change plan,Settings,2dffc6432c3f664b91a00d86ad76437ad2a6a798bbd1c9696a33c88b9cf3ee04
226,tailscale-client,tailscale,7,4,0,1,3,backend/runtime;test/fixture;test/oracle,credential-free transactional change plan,Settings,3cbf2ce3e094bf863ba2f8a1e6dc054106c220d9e4f2bbe550ed46c4adc6bfdc
226,tailscale-client,v2,1,1,0,1,0,backend/runtime,credential-free transactional change plan,Settings,86d625075506d52a727d0052691e064dab49ecc62d567e834a85396066154755
226,tinytun,.cargo,1,1,0,0,0,data/config,SOCKS wire bounds; TUN/eBPF/process runtime superseded,Connections,515c68e74c9f691e64052b57a809f041ada7aedaa329c182e6f83538b47966d1
226,tinytun,.github,2,0,0,0,0,support/repository,SOCKS wire bounds; TUN/eBPF/process runtime superseded,Connections,c8f7a280528ae18af6b34d8d3979cc4360963d1a50e0fc7a4541c4687293a839
226,tinytun,ebpf,5,5,0,1,0,backend/runtime;data/config,SOCKS wire bounds; TUN/eBPF/process runtime superseded,Connections,0ff7d9df91b3118576156118e70b971a8d9b47df0ae65a6969e452a50bf5a0ac
226,tinytun,root,12,8,0,1,0,backend/runtime;data/config;documentation;operations/deployment;support/repository,SOCKS wire bounds; TUN/eBPF/process runtime superseded,Connections,ed5079668d8fcc6cf1e718f721fff604ce25c793816186a8526df69ec7347f57
226,tinytun,src,23,23,0,22,0,backend/runtime;data/config,SOCKS wire bounds; TUN/eBPF/process runtime superseded,Connections,905dd3c7295a92e8054ea02dca04d9139b307c0c4e04ef7acb49c1a622b0f336
226,tools,CF-CIDR,3,0,0,0,0,documentation,HTTP 101 WebSocket protocol readiness evidence,Connections,e2406f9c3ae88a12c85068c2221f593978fa944e6cc0c58b5d833ad493eba865
226,tools,clean-ip,4,0,0,0,0,documentation,HTTP 101 WebSocket protocol readiness evidence,Connections,604962ffcd65d5bbf2a3fb89719560663e91a53d0542d675058de556a3f35532
226,tools,data,2,2,0,0,0,data/config,HTTP 101 WebSocket protocol readiness evidence,Connections,1c305e4de0ec5faa7de44de3f8d29fbd1cecf1d2ea7a09c0af5a6ee472136f30
226,tools,json,1,1,0,0,0,data/config,HTTP 101 WebSocket protocol readiness evidence,Connections,4f5f46a3019e89c29dd80e2585ac228edc2ab4c861b034d2dac455dd8719d63f
226,tools,root,8,5,0,0,0,data/config;documentation;operations/deployment,HTTP 101 WebSocket protocol readiness evidence,Connections,a0d0ca366d5dd9cc41880b3199f0ac3e08471f1426af7ae825dd9a359e035a93
226,tsheadroom,.github,1,0,0,0,0,support/repository,deterministic affinity/deadline/restart planning,Health,df61b72b83fd47c6e0b15536c1a2943d47e26b7e257f7997e8f8aa6d1866e46f
226,tsheadroom,root,28,20,0,8,6,backend/runtime;data/config;documentation;operations/deployment;support/repository;test/oracle,deterministic affinity/deadline/restart planning,Health,1bc8d5ecef312648f4f8bbe996aaf6f70652cda481eb0e9e02449d95051b49c1
226,tsheadroom,tests,4,3,0,0,3,test/fixture;test/oracle,deterministic affinity/deadline/restart planning,Health,c687b2bf2a245d905d9d25714138bff1b179c36ae687af4c39df89c89f8fb6d5
