donor,proxy_protocols,tun_vpn_mobile,dns,routing_policy,subscription_config,health_observatory,traffic_connections,retry_recovery,process_runtime,firewall_filtering,nat_stun,tor_circumvention,security_auth,update_supplychain,api_controlplane,ui_operator,persistence_state,scanner_recon,logging_observability,platform_integration,build_ci_packaging,docs_knowledge,commerce_account,uncategorized
LEGION2-main,8,4,31,12,17,4,3,,17,5,10,15,60,6,13,106,59,970,15,6,23,28,20,54
OnionHop-master,12,6,11,,9,,1,,68,,,48,3,14,,46,7,12,14,23,15,5,3,42
SIMORGH-main,1,29,,1,4,1,,,6,,6,2,,3,,20,2,3,2,1,7,2,,9
Xray-core-main,209,24,55,48,173,28,32,3,5,2,6,39,43,20,102,15,2,2,28,45,16,5,8,356
Xray-docs-next-main,69,9,18,18,203,3,6,,,3,,6,30,12,12,23,,1,20,3,4,471,9,23
Xray-tun-main,167,25,54,43,130,4,27,4,1,1,4,9,52,9,77,17,,1,23,38,7,3,3,294
iperf-master,,,,,15,,,,1,,,,4,1,6,3,,2,2,,4,30,,51
lantern-main,,79,1,10,38,,,,126,2,2,11,24,22,33,77,10,32,32,302,52,20,21,494
metacubexd-main,9,,1,4,13,6,29,,,2,1,16,1,5,1,66,16,1,8,,10,22,3,55
nexvpn-main,5,15,,2,7,2,3,,2,,2,2,,3,2,55,1,2,13,79,24,4,,46
rethink-app-main,73,19,598,29,53,8,29,,55,73,2,65,8,28,26,634,126,18,98,103,21,4,60,82
sing-box-testing,157,21,113,140,296,12,10,1,110,2,10,23,158,46,93,63,10,5,16,108,35,259,12,267
v2board-master,18,,,18,28,,6,,19,,1,7,12,13,84,20,9,4,13,2,,6,66,125
v2ray-core-main,218,,37,57,176,40,27,3,8,3,4,40,58,33,110,20,1,7,24,31,8,3,4,409
v2ray-core-master,235,28,53,57,299,33,35,3,12,5,19,51,128,54,137,35,7,12,24,61,19,14,4,511
v2ray-go-main,157,,50,45,132,17,24,3,6,1,4,20,44,29,60,19,,6,22,29,4,4,5,315
v2rayA-main,27,4,14,13,36,7,2,,169,,,5,9,7,28,183,21,5,10,27,43,6,1,30
v2rayN-master,21,7,13,30,82,2,8,,218,1,1,13,2,16,36,146,6,8,6,14,23,27,,55
v2ray_client-master,1,,,1,9,,,,1,,,,,,,8,7,2,1,,,2,,53
