artifact,sha256,rows
ultimate-pass-donors.csv,7a45c12335daff0d1d04c006fbb1829ff0251cb96741ff4ba2a69a1791060a1e,63
ultimate-pass-surfaces.csv,6cb5db379210bb2998db3a5369d726085bf29f26cb182edb92b903135544d5d3,8223
ultimate-pass-directories.csv,7f657643100e6ef67be63c563b2c11df0010976ea667a768b258664dd5f53cda,1594
ultimate-pass-modules.csv,395b297567e71236bc310d3c44beb14889ddb5396ea3d7745ee8274ad6cd6f28,571
ultimate-pass-symbols.csv,e7204282466779dd4f69eddd4a1c25196e2477f7c06999416dc530cd593677f8,18098
ultimate-pass-adoption-ledger.csv,a0f6139c8cdcc80fcb77a4b7636c13e39e80fb65f5ba35441afd79a2ef055752,662
ultimate-pass-supersession-map.csv,eaf3d587e7be4812cf3015bdc21face24d6a6db6660af7db613dac8ac7944882,24
ultimate-pass-high-level-plane-audit.csv,73777c61c1ee909da0f5633e1bef8b69cfed0aa9bb71c0c5a2da583f3529a128,26
ultimate-pass-license-map.csv,817e2516add460dbce80409d170871125fbb5b86df9082bb2480e3f07056ad52,63
