donor,path,descendant_files,tree_sha256
sni-spoofing-rust,.,50,549804051779633ed89a49df8eb073a51f90643c9d03057a4bd17cf5e5212bf7
sni-spoofing-rust,.github,3,602b4b69b286fb6e479cdf337733952abad806fddb97535623928ccb6a7179a3
sni-spoofing-rust,.github/workflows,3,6b65364a167797a44c31540e6480552710dbc29216df669cf1b053dc34b96c2d
sni-spoofing-rust,data,1,4908fdb496adc123c49d51187c4833f87999556f4862bf11655f82aec0566412
sni-spoofing-rust,docker,3,0d2d97f6d33f022d86e0444501829f66e25b6353d3b96dff6cc7be375c8e14b6
sni-spoofing-rust,releases,13,de59463ceb69f46a6c6a738d2a89277ab202a0ff55ed31252c73bdd2e9ea03be
sni-spoofing-rust,src,23,40b13f51a502d04f951cbfa71234f0c50d5852dbc14478606fed3e5bc0a24372
sni-spoofing-rust,src/bin,1,b40691f4dfcd0b230cbf8584502ae451956cc40915ad53493305b698a7034bca
sni-spoofing-rust,src/packet,6,3c4996e49467021a7c76ebc34b6f3a5af45c91731c64b9d4b55067d532b948c0
sni-spoofing-rust,src/sniffer,4,786e103e8c735a9c79c65ec030632c5cee8e56a21b5fa93ca6918866a754783f
