path,change_type,accountability_class,third_wave_record_ids,reason,verification_node,second_order_sha256,current_sha256
Makefile,modified,verification-wiring,n/a,Attach third-wave runtime and convergence gates to canonical verify-repo,scripts/checks/check_third_wave_convergence.py#main,71c2d3592b640e1e583895a68f51ecd4919ac85ba6d8acf3139ba2424053e5b6,ae1df3477686d7730a5ec81b6880d82ef1cc412ebfaae7780b4a589d6211b83f
governance/convergence/third-wave-adoption-ledger.csv,added,convergence-governance,n/a,"Third-wave donor inventory, decisions, validation, and accountability evidence",scripts/checks/check_third_wave_convergence.py#main,n/a,2c8d9ba60227358a8aef1ee15752f44f016ccae17eef1cb04a30adaf3b8db1e5
governance/convergence/third-wave-baseline-files.csv,added,convergence-governance,n/a,"Third-wave donor inventory, decisions, validation, and accountability evidence",scripts/checks/check_third_wave_convergence.py#main,n/a,8ce0fd6e0628ffcde38eaed0be75834176180c786ec6f8ddc4bf020b3deb28ff
governance/convergence/third-wave-corpora.json,added,evidence-corpus,TW-SEM027,Sanitized aggregate PurVPN grammar corpus; no raw endpoints or credentials retained,scripts/checks/check_third_wave_convergence.py#check_corpus,n/a,cde1be9494262a16d4b19189e70570ddf9974aeff2a06f221fddf7066712efde
governance/convergence/third-wave-donors.csv,added,convergence-governance,n/a,"Third-wave donor inventory, decisions, validation, and accountability evidence",scripts/checks/check_third_wave_convergence.py#main,n/a,904eb6a12bb51281b345ff34a5b533fae1a76572697e3c77f8cd19373fdc80f7
governance/convergence/third-wave-surfaces.csv,added,convergence-governance,n/a,"Third-wave donor inventory, decisions, validation, and accountability evidence",scripts/checks/check_third_wave_convergence.py#main,n/a,8836a02315cb68057ad330cc7b26ce456def775bcefc142da75fbae7162275cf
governance/convergence/third-wave-symbols.csv,added,convergence-governance,n/a,"Third-wave donor inventory, decisions, validation, and accountability evidence",scripts/checks/check_third_wave_convergence.py#main,n/a,8b740210c34fbfb781c51407223344e515e715af0b06a612d78073941c352a96
governance/convergence/third-wave-target-repairs.csv,added,target-repair-governance,n/a,Record target-local Hysteria2 runtime repair separately from donor adoption provenance,scripts/checks/check_third_wave_convergence.py#main,n/a,929a2eed96ecc881a41621baac733528a4933f0b4629c4fffac2f62a45e727cb
governance/convergence/third-wave-validation.md,added,convergence-governance,n/a,"Third-wave donor inventory, decisions, validation, and accountability evidence",scripts/checks/check_third_wave_convergence.py#main,n/a,ad422510e6ca8c8478bd80b3d64299d8d2e012f00de30b2f9ff10df6c3daca0a
governance/topology/relocations.json,modified,topology-governance,n/a,Authorize only the two reviewed historical relocations intentionally transformed by third-wave semantics,scripts/checks/verify_repository_topology.py#main,e4aebf7104ea25a98c6df3216ccfe31f3b2e9922560fe231dff8a45228dd98da,ff21f3a1fbc659f7c492734985d3ae9288484defe74089e828452a7f1ac0ba60
scripts/checks/check_peer_convergence.py,modified,historical-evidence-layer,n/a,Preserve the original peer-convergence hash chain through the second-order and third-wave successor deltas,scripts/checks/check_peer_convergence.py#main,b41382a4464e5e085b0a4f76cebd94059bc1773cc59a8f35210cb6e0dbd7cee1,7d1940a7a96bf00bf533486ca1bc45fa54f2eafe8e8dfa69fd32bb1d2fb36cb7
scripts/checks/check_second_order_convergence.py,modified,historical-evidence-layer,n/a,Validate the frozen second-order delivered state against the immutable third-wave baseline instead of the live successor tree,scripts/checks/check_second_order_convergence.py#main,e12bd798997b5b2f09a2a4e59cfe908a89436ee93bdf0870deab68971f147fe8,e9ce265f9cfe847b66c0e4f83ec56c38d964bbb578f041bbcc9273c68ebb0b2b
scripts/checks/check_third_wave_convergence.py,added,verification-tooling,n/a,"Mechanically validate third-wave runtime wiring, provenance, donor accountability, corpus sanitization, and exact target delta",scripts/checks/check_third_wave_convergence.py#main,n/a,e461496fbdc43dc7ce9797e2591a8596b5861f4a593943bd226a39385186af4c
scripts/checks/check_third_wave_runtime.py,added,verification-tooling,n/a,"Mechanically validate third-wave runtime wiring, provenance, donor accountability, corpus sanitization, and exact target delta",scripts/checks/check_third_wave_convergence.py#main,n/a,700129757e0b52debde22a3dc7088a8f15fa6c06be080bb0d50d45a5313a4cd8
src/apps/daemon/internal/analysis/diagnostics/sni_spoof_scan.go,modified,semantic-owner,TW-SEM013;TW-SEM014,Bounded SNI diagnostic hardening derived from reviewed peer mechanisms,scripts/checks/check_third_wave_runtime.py#check_runtime,dcae36e54219a31f3acef0e8c1553ac78684d66c26b6442889756817f5fb7423,7ac04c8ad8b24853a2f96a47a8369805b4868e523291a51312984545e28cf64c
src/apps/daemon/internal/analysis/diagnostics/sni_spoof_scan_test.go,modified,acceptance-evidence,TW-SEM013;TW-SEM014,Bounded SNI diagnostic hardening derived from reviewed peer mechanisms,scripts/checks/check_third_wave_runtime.py#check_runtime,8778f8766a6f0f4175e520012e3968f0cb18a48e84f1b1e94e4f0c67e391092c,2bbf829fb1253d013eb12d3c3fb3e10c385b32eaceff4f46877185b6bfcad485
src/apps/daemon/internal/networking/proxyconfig/core_compat.go,added,semantic-owner,TW-SEM011;TW-SEM012,Target-native proxy grammar or core-compatibility owner for third-wave semantics,scripts/checks/check_third_wave_runtime.py#check_runtime,n/a,978c1de0bad6fd6432b6957718016074a666eeefea609aba4f450fc7a59d2475
src/apps/daemon/internal/networking/proxyconfig/finalmask.go,added,semantic-owner,TW-SEM003,Target-native proxy grammar or core-compatibility owner for third-wave semantics,scripts/checks/check_third_wave_runtime.py#check_runtime,n/a,9f32f4aba06eefc7c53720e48da218e23d95db14cb1546088e056c78019a369e
src/apps/daemon/internal/networking/proxyconfig/hysteria2_fields.go,added,semantic-owner,TW-SEM009;TW-SEM010;TW-SEM011,Target-native proxy grammar or core-compatibility owner for third-wave semantics,scripts/checks/check_third_wave_runtime.py#check_runtime,n/a,1ef0328d2ffea4d2cd6318813c6210ef2b68efcd67b1912f9707c0d7a0dec6f2
src/apps/daemon/internal/networking/proxyconfig/parser_hy2.go,modified,semantic-owner,TW-SEM009;TW-SEM010;TW-SEM011,Target-native proxy grammar or core-compatibility owner for third-wave semantics,scripts/checks/check_third_wave_runtime.py#check_runtime,4473d7c4e9207f7ad0de63f550953634db1e04507e127b8f729e538ada9dd717,5d00af94ba2b4537f5a6206dab5fac007ffffe9ee90c2921533c36e0d9153339
src/apps/daemon/internal/networking/proxyconfig/parser_trojan.go,modified,semantic-owner,TW-SEM001;TW-SEM004,Target-native proxy grammar or core-compatibility owner for third-wave semantics,scripts/checks/check_third_wave_runtime.py#check_runtime,13892927a0c3f46142036560b5b71f287225ba66574892d88d90c81f19e6b390,947ce4f2f61c9a82f7659e15c1134635ae4814ecec7780c8d84a292909275b39
src/apps/daemon/internal/networking/proxyconfig/parser_vless.go,modified,semantic-owner,TW-SEM001;TW-SEM004;TW-SEM006,Target-native proxy grammar or core-compatibility owner for third-wave semantics,scripts/checks/check_third_wave_runtime.py#check_runtime,6cc3a372a323cb15388b89dd710e1c2cd764393607a114395c4db8e1c54fa417,3030ca5f9f5e54f07aa7a9c18a76a5dec77086b89149a7815093055e1ed66e58
src/apps/daemon/internal/networking/proxyconfig/parser_vmess.go,modified,semantic-owner,TW-SEM001;TW-SEM004;TW-SEM006,Target-native proxy grammar or core-compatibility owner for third-wave semantics,scripts/checks/check_third_wave_runtime.py#check_runtime,2b95669df2af405c698199bf66e4dca87333cf380b6e9db2ab72dc3be029f06d,a123f2e3ce2d131ede51a2b201f997ca4a918f60ede0311ab6590a637aefdc80
src/apps/daemon/internal/networking/proxyconfig/parser_wg.go,modified,semantic-owner,TW-SEM007;TW-SEM008,Target-native proxy grammar or core-compatibility owner for third-wave semantics,scripts/checks/check_third_wave_runtime.py#check_runtime,5d22d694259c0990da743a49358b19e8cbfa1bdd4ad5d354cdee6d1a6a1a3313,177ef003cb786b02105a95ba006226f34549072b6e20ff9283bbaf597487555d
src/apps/daemon/internal/networking/proxyconfig/third_wave_contract_test.go,added,acceptance-evidence,TW-SEM001;TW-SEM002;TW-SEM003;TW-SEM004;TW-SEM005;TW-SEM006;TW-SEM007;TW-SEM008;TW-SEM009;TW-SEM010;TW-SEM011;TW-SEM012;TW-SEM029,Third-wave proxy grammar/core compatibility acceptance evidence,scripts/checks/check_third_wave_runtime.py#check_runtime,n/a,dda5e4f1cf7e78b0700b97670bf90c8ddeffe67c428de2dff7a17b09ec73fa84
src/apps/daemon/internal/networking/proxyconfig/types.go,modified,semantic-owner,TW-SEM001;TW-SEM003;TW-SEM004;TW-SEM006;TW-SEM007;TW-SEM009,Target-native proxy grammar or core-compatibility owner for third-wave semantics,scripts/checks/check_third_wave_runtime.py#check_runtime,c95f5803e4fc14c38532ff44fa56b58b2b3a1861403ea6187171e38ddbb59cab,c1b10dd2fdc14b0f588e6470868edad63ebd9fe066790507a908df1afd61cb07
src/apps/daemon/internal/networking/proxyconfig/xhttp.go,added,semantic-owner,TW-SEM004;TW-SEM005,Target-native proxy grammar or core-compatibility owner for third-wave semantics,scripts/checks/check_third_wave_runtime.py#check_runtime,n/a,f3f40b14df7417cd0b8cd923cccf8eb65d8eee45f72f16acfd5fc60fdfc36ee4
src/apps/daemon/internal/networking/proxyconfig/xray_tls.go,added,semantic-owner,TW-SEM001;TW-SEM029,Target-native proxy grammar or core-compatibility owner for third-wave semantics,scripts/checks/check_third_wave_runtime.py#check_runtime,n/a,1802d10a74b7fadac24677e080c4e25f1590698f14ab2b975fd72a17f2c8bd27
src/apps/daemon/internal/runtime/proxy/accept_backoff.go,modified,semantic-owner,TW-SEM015,Runtime integration or listener recovery hardening for third-wave convergence,scripts/checks/check_third_wave_runtime.py#check_runtime,1aa8cf491a23fd833cfc231398e6379c6fd90f2df827fa7b8ec7e1bbc64134d8,fec2b7910e65f784350854510e4cc5b67e0e4baac5a6aa69e0ee17c2e8e1367a
src/apps/daemon/internal/runtime/proxy/accept_backoff_test.go,modified,acceptance-evidence,TW-SEM015,Runtime integration or listener recovery hardening for third-wave convergence,scripts/checks/check_third_wave_runtime.py#check_runtime,a87569d13c6cc341d8dfe66924a6f8a0394d2122289b41ba64824292a615975e,3b059b3a54ab8e6aa01c9bc55bede75b4534309c915eb684d2866c6388697f80
src/apps/daemon/internal/runtime/proxy/core_manager.go,modified,semantic-owner,TW-SEM005;TW-SEM006;TW-SEM007;TW-SEM010;TW-SEM012,Runtime integration or listener recovery hardening for third-wave convergence,scripts/checks/check_third_wave_runtime.py#check_runtime,b50f4d09266274171e07eb65baa7503fccdeed3beb4ca21d42b97a2e6d54be4d,5a7e2b3f431dce642f9d93299e0ea867141726b731371c7b54c3ba092adf8792
src/apps/daemon/internal/runtime/proxy/gfwknocker.go,modified,semantic-owner,TW-SEM015,Runtime integration or listener recovery hardening for third-wave convergence,scripts/checks/check_third_wave_runtime.py#check_runtime,0b476d2aa9eaddcfe2273469d52991e7128b12bdb25f6751dae213b374fee8bb,1b308b9882dd234d9a9df3ac2e30171d7fd24cf8461f1d1ea591576575961e11
src/apps/daemon/internal/runtime/proxy/hysteria2_obfs.go,modified,semantic-owner,TW-SEM010;TW-SEM012,Runtime integration or listener recovery hardening for third-wave convergence,scripts/checks/check_third_wave_runtime.py#check_runtime,d8767b042831da00383d525579433845680fd222f7c799a6ed1e382d9fdda538,a16022a9dae633af651b0667d3d108d56a526f62cd76f37f6ae24719da060d1f
src/apps/daemon/internal/runtime/proxy/proxyconfig_internal.go,modified,semantic-owner,TW-SEM005;TW-SEM012,Runtime integration or listener recovery hardening for third-wave convergence,scripts/checks/check_third_wave_runtime.py#check_runtime,60809cb0aaaef7c5ad61de6f156dd2bdd947630e24cd3f62b04f7a03bad0ab0c,7fe5cfef8132959c47f6f205114836ebd7111994cfbd639b56566ae1981646a4
src/apps/daemon/internal/runtime/proxy/ss_server.go,modified,semantic-owner,TW-SEM015,Runtime integration or listener recovery hardening for third-wave convergence,scripts/checks/check_third_wave_runtime.py#check_runtime,abee2ec03c1274e70a6e97d958fb30dd8e4b290820f958e039a9a591d4ab017c,b21e051309d2e72ded402491db434791ac1e6eda87ba25334ba73da960c79d5a
