donor,archive,archive_sha256,member_count,file_surfaces,directories,symbols,symlinks,license_posture,source_reuse_policy,archive_issues,final_disposition,nested_members
3xui-telegram-bot-main,3xui-telegram-bot-main.zip,aba0c1ac694e08186a17b9b4c412b2d3979cf0859f370d42a6246605620be778,39,32,7,210,0,MIT,direct adaptation permitted with attribution,none; validated before extraction,revalidated against current target; detailed semantics in final-pass adoption ledger,0
AgentDNS-main,AgentDNS-main.zip,add33e8ac55099939a21258081c4beb9d6b2859f0cbef000cdabf71dcf15c608,16,13,3,26,0,"no explicit LICENSE in archive; README claims MIT, treated as unverified/no-license for source reuse",no direct source reuse; concepts/negative evidence/reference only,none; validated before extraction,revalidated against current target; detailed semantics in final-pass adoption ledger,0
Auto_Tor_IP_changer-master(2),Auto_Tor_IP_changer-master(2).zip,2b14f6d735fa3932c25f779ebe5bb11f08294251ea14c709786484853e4080f3,4,3,1,2,0,no explicit license; exact-byte duplicate of sixth-order donor archive,no source copying; evidence/reference/independent rederivation only,none; validated before extraction,revalidated against current target; detailed semantics in final-pass adoption ledger,0
BPB-Warp-Scanner-main,BPB-Warp-Scanner-main.zip,bbad6899e5ca76685ef362a2facf19cdd88bedaa51d77af34f431c2bdc704d1b,17,14,3,65,0,"GPL-3.0; selected semantics independently rederived, no source copied",no source copying; evidence/reference/independent rederivation only,none; validated before extraction,revalidated against current target; detailed semantics in final-pass adoption ledger,0
BWLimiter-main,BWLimiter-main.zip,e109e52d8743cdecd8fb14696f510e0fe7614a02f4788715151d76e74afbf7a6,9,7,2,157,0,no explicit license; negative/guardrail evidence only,no source copying; evidence/reference/independent rederivation only,none; validated before extraction,revalidated against current target; detailed semantics in final-pass adoption ledger,0
DNS-Persist-master,DNS-Persist-master.zip,0396f84ecbd482d9e84ca7b9862513fdf5475740dfb7854e4cbebf2adedb0778,35,30,5,69,0,MIT,"permissive source eligible for comparison/adaptation, but target-native authority and correctness gates still apply",none; validated before extraction,revalidated against current target; detailed semantics in final-pass adoption ledger,0
Go-netowrking-tools-main,Go-netowrking-tools-main.zip,08c1cd69049b710afae52cffd390d7ac4a64046aaf69d08f288f30997926125d,13,5,8,8,0,no explicit license,no direct source reuse; concepts/negative evidence/reference only,none; validated before extraction,revalidated against current target; detailed semantics in final-pass adoption ledger,0
GodMode-main,GodMode-main.zip,b5dc0d8ab15ee4d702166a2ac80baa8b0cddc25b13bdaac0277f62405a94fea4,157,130,27,117,0,MIT,"permissive source eligible for comparison/adaptation, but target-native authority and correctness gates still apply",none; validated before extraction,revalidated against current target; detailed semantics in final-pass adoption ledger,0
GoodbyeDPI-master,GoodbyeDPI-master.zip,aa7901bb23afcc7fddb7cbf0157a5b52d952f18e3b87fbf7207a1a0a15237eea,35,29,6,16,0,Apache-2.0,direct adaptation permitted with attribution,none; validated before extraction,revalidated against current target; detailed semantics in final-pass adoption ledger,0
InterceptSuite-main,InterceptSuite-main.zip,cc1b8f5a1c2c52aa7b26730b9f265a0e3a01546024db1d2e0768f887660a75c4,3,2,1,0,0,no explicit license,no direct source reuse; concepts/negative evidence/reference only,none; validated before extraction,revalidated against current target; detailed semantics in final-pass adoption ledger,0
InviZible-master,InviZible-master.zip,a4a2dbd2b99f1a618452b4f5bfb441809b39c686e0bbd6d772887f03a65573de,1563,1248,315,930,0,GPL-family copyleft; target uses independent target-native semantics only,no direct donor source reuse for eighth-order changes; independent target-native rederivation/evidence only unless pre-existing compatible boundary already exists,none; validated before extraction,revalidated against current target; detailed semantics in final-pass adoption ledger,0
Marzban-master,Marzban-master.zip,df758c350081cd41def22cd62c079e21c2824e59d3b0c3575b15aa4c0f864e3c,557,434,123,1318,0,"AGPL-3.0; selected semantics independently rederived, no source copied",no source copying; evidence/reference/independent rederivation only,none; validated before extraction,revalidated against current target; detailed semantics in final-pass adoption ledger,0
Proxy-client-collection-main,Proxy-client-collection-main.zip,4ff3369055dd0c600ec9b36cf9496e3949e73ccc2da250f6ae58281341aa6f0d,3,2,1,0,0,no explicit license; descriptive reference only,no source copying; evidence/reference/independent rederivation only,none; validated before extraction,revalidated against current target; detailed semantics in final-pass adoption ledger,0
Se7en-Pro-1.0.0,Se7en-Pro-1.0.0.zip,39cd04fdc9b0c63e1c9315c47d9519e46c842bb5ee46feb4f237b26e237a0772,199,172,27,78,0,MIT,"permissive source eligible for comparison/adaptation, but target-native authority and correctness gates still apply",none; validated before extraction,revalidated against current target; detailed semantics in final-pass adoption ledger,0
Serverless-for-Iran-main,Serverless-for-Iran-main.zip,e8a850592802028c60b84e8bac3fa3fea492d8b763d51be9f71bd0bf3d54d766,9,7,2,0,0,"GPL-3.0; preset concepts only, no source/config copied",no source copying; evidence/reference/independent rederivation only,none; validated before extraction,revalidated against current target; detailed semantics in final-pass adoption ledger,0
Subnet-Divider-main,Subnet-Divider-main.zip,4821c3c767b80e3008d3c36894ee8727426ef7ff909a9fa58e8bdc08295dafb0,3,2,1,3,0,no explicit license,no direct source reuse; concepts/negative evidence/reference only,none; validated before extraction,revalidated against current target; detailed semantics in final-pass adoption ledger,0
V2RayN-PRO-main(1),V2RayN-PRO-main(1).zip,5e5e3162c6aa3d2311266d738e396a9a15e7c68a9d06fbd2217e5dfd8c65589d,72,61,11,0,0,GPL-family copyleft plus bundled third-party binaries/notices; target does not copy source/binaries,no direct donor source reuse for eighth-order changes; independent target-native rederivation/evidence only unless pre-existing compatible boundary already exists,none; validated before extraction,revalidated against current target; detailed semantics in final-pass adoption ledger,0
V2ray-for-Doprax-main(1),V2ray-for-Doprax-main(1).zip,9395bd68bccfd6f86c80656285061a9da863fb98f20aeca3f8ba9035eedb3f37,11,9,2,0,0,no explicit root license in archive,no direct source reuse; concepts/negative evidence/reference only,none; validated before extraction,revalidated against current target; detailed semantics in final-pass adoption ledger,0
bia-pain-bache-main,bia-pain-bache-main.zip,d3df5220f6041ef7a0f6e2d1258e50292899dbc7073e6e8e938701966f1a884e,55,50,5,288,0,GPL-2.0; evidence/independent comparison only,no source copying; evidence/reference/independent rederivation only,none; validated before extraction,revalidated against current target; detailed semantics in final-pass adoption ledger,0
caddy-master,caddy-master.zip,dc21aecbfd41e950074fc80da603198cba5f8e14c0aa6445447e2838b4b7a5eb,688,627,61,3733,0,Apache-2.0,direct adaptation permitted with attribution,none; validated before extraction,revalidated against current target; detailed semantics in final-pass adoption ledger,0
coredns-master,coredns-master.zip,99a1da842b6a5144590f526e7fe65835077255bc17c2f413aaefddc9c3d030f9,1103,985,118,4106,3,Apache-2.0,"permissive source eligible for comparison/adaptation, but target-native authority and correctness gates still apply",none; validated before extraction,revalidated against current target; detailed semantics in final-pass adoption ledger,0
defyxVPN-main(1),defyxVPN-main(1).zip,60c37bdee140394cf5bb7618a7e54917600946befda4b75fc7ac162002f2c33e,676,503,173,215,0,MIT,direct adaptation permitted with attribution,none; validated before extraction,revalidated against current target; detailed semantics in final-pass adoption ledger,0
dns-over-https-proxy-master,dns-over-https-proxy-master.zip,2aa075051e81ed0daae1d3bb3db666e16a9b4e4358f5b16043caed40bcfee84f,1294,1091,203,16,1,Apache-2.0,"permissive source eligible for comparison/adaptation, but target-native authority and correctness gates still apply",none; validated before extraction,revalidated against current target; detailed semantics in final-pass adoption ledger,0
ev-master_(1),ev-master (1).zip,d936beca1266c8e4ab915732c05d89a515f4a5c50a3152c31f2e898060efb281,16,14,2,47,0,no explicit license; evidence only,no source copying; evidence/reference/independent rederivation only,none; validated before extraction,revalidated against current target; detailed semantics in final-pass adoption ledger,0
eve-xui-manager-main,eve-xui-manager-main.zip,e178da00b9d58f858132fceac6417f0a1b7905a53545c6ea645bf0892eff9ea2,103,91,12,2087,0,no explicit license; evidence only,no source copying; evidence/reference/independent rederivation only,none; validated before extraction,revalidated against current target; detailed semantics in final-pass adoption ledger,0
firewalla-master,firewalla-master.zip,3b2a30af746488484b4d7a0c6b335a20e268dfe07565ac7c598bbfab57083b04,2599,2249,350,3542,33,AGPL-3.0; target independently rederives selected semantics,no direct donor source reuse for eighth-order changes; independent target-native rederivation/evidence only unless pre-existing compatible boundary already exists,none; validated before extraction,revalidated against current target; detailed semantics in final-pass adoption ledger,0
ftpscan-master,ftpscan-master.zip,d6f7a61feaceb4205291070d20e4ba540af635c62afdd5e3e1970124e7fa2051,11,10,1,12,0,no explicit license,no direct source reuse; concepts/negative evidence/reference only,none; validated before extraction,revalidated against current target; detailed semantics in final-pass adoption ledger,0
godnsagent-master(1),godnsagent-master(1).zip,ff39d81b6cb5a1dd4269526efd121691d1b4cc8d9e2635c0f767fcfd70a1ff69,25,21,4,26,0,MIT,"permissive source eligible for comparison/adaptation, but target-native authority and correctness gates still apply",none; validated before extraction,revalidated against current target; detailed semantics in final-pass adoption ledger,0
gologin-main,gologin-main.zip,da7b0d99e4ea62bf77c69f8083bd7cc301dba651ae4b680e97f02cf042d02d12,92,75,17,208,0,MIT,direct adaptation permitted with attribution,none; validated before extraction,revalidated against current target; detailed semantics in final-pass adoption ledger,0
incy-platforms-main,incy-platforms-main.zip,c322a1eb91b52e8191ab76b4ac9c201161ada0c528efd9db3233a4291c28db1f,3,2,1,0,0,no explicit license; descriptive reference only,no source copying; evidence/reference/independent rederivation only,none; validated before extraction,revalidated against current target; detailed semantics in final-pass adoption ledger,0
lossyconn-master,lossyconn-master.zip,b2ed9ec6f403bed4a8bdfb2d4c7149a12b83715c4458837df9320afecec97b02,10,9,1,46,0,MIT,"permissive source eligible for comparison/adaptation, but target-native authority and correctness gates still apply",none; validated before extraction,revalidated against current target; detailed semantics in final-pass adoption ledger,0
nahan-main(1),nahan-main(1).zip,faaa095b2e0f9e66a1a2abe57744eb66fc4b9207683ecf87e600f205f16c4848,17,14,3,200,0,no explicit license; new revision evidence only,no source copying; evidence/reference/independent rederivation only,none; validated before extraction,revalidated against current target; detailed semantics in final-pass adoption ledger,0
openssl-cffi-master,openssl-cffi-master.zip,99322671d546b84e1076ae304eabc1ddfd9edc600129f62beff52bbf14b4530a,5,4,1,5,0,Apache-2.0,"permissive source eligible for comparison/adaptation, but target-native authority and correctness gates still apply",none; validated before extraction,revalidated against current target; detailed semantics in final-pass adoption ledger,0
sing-geoip-main,sing-geoip-main.zip,3f7a90618be692321dada33b8ca52aa27571a157a38530d3ea063356bc8d13f7,16,13,3,11,0,GPL-family copyleft; target does not copy generator source,no direct donor source reuse for eighth-order changes; independent target-native rederivation/evidence only unless pre-existing compatible boundary already exists,none; validated before extraction,revalidated against current target; detailed semantics in final-pass adoption ledger,0
sing-geosite-main,sing-geosite-main.zip,f054fa0081b791fc0787e9dd94404c54334a5b9edc46aebae38ace01c68e6001,16,13,3,14,0,GPL-family copyleft; target does not copy generator source,no direct donor source reuse for eighth-order changes; independent target-native rederivation/evidence only unless pre-existing compatible boundary already exists,none; validated before extraction,revalidated against current target; detailed semantics in final-pass adoption ledger,0
snowbox-master,snowbox-master.zip,fb9a4abdc8f26aaa779cdbfd6addf7a0be8a63c8c342680913953413081643af,12,11,1,0,0,no explicit license; test-environment reference only,no source copying; evidence/reference/independent rederivation only,none; validated before extraction,revalidated against current target; detailed semantics in final-pass adoption ledger,0
sysproxy-main,sysproxy-main.zip,61a7ee336866edf6c019c473a74dbccf87a19929b41e3eb7b79748021e6f88db,11,7,4,4,0,MIT,"permissive source eligible for comparison/adaptation, but target-native authority and correctness gates still apply",none; validated before extraction,revalidated against current target; detailed semantics in final-pass adoption ledger,0
torrequest-master,torrequest-master.zip,d0a4dceabc6f7db99b4ea41799fc63475aacc16e9dbad3bf69fd7da64b9cc0b2,6,5,1,16,0,metadata declares MIT,no source copying; evidence/reference/independent rederivation only,none; validated before extraction,revalidated against current target; detailed semantics in final-pass adoption ledger,0
unique-queue-master,unique-queue-master.zip,d2d7a3181b38df8464d37f0e17552b8347ee82d912232b08bd5f4ca08857b019,9,8,1,28,0,no explicit license,no direct source reuse; concepts/negative evidence/reference only,none; validated before extraction,revalidated against current target; detailed semantics in final-pass adoption ledger,0
v2rayng-panel-main(1),v2rayng-panel-main(1).zip,fe7b75817fc8cdc62c16025affd05327c39ec086508f551b394358017a83a454,2,1,1,0,0,no explicit license,no direct source reuse; concepts/negative evidence/reference only,none; validated before extraction,revalidated against current target; detailed semantics in final-pass adoption ledger,0
vps-warp-main(1),vps-warp-main(1).zip,4466f36e5c9084a472f55b1b3cbd6ce93dfdac39b38c9213e2e5ef29f08c044c,4,3,1,7,0,MIT,"permissive source eligible for comparison/adaptation, but target-native authority and correctness gates still apply",none; validated before extraction,revalidated against current target; detailed semantics in final-pass adoption ledger,0
x-ui-pro-master,x-ui-pro-master.zip,d7011ed3a2065bb59993fd7c8a54e1c390a74c22254be3fb1a721cd20d573156,27,25,2,11,0,no explicit license; operational guardrail/reference only,no source copying; evidence/reference/independent rederivation only,none; validated before extraction,revalidated against current target; detailed semantics in final-pass adoption ledger,0
zeus-main(1),zeus-main(1).zip,746d56b08c15e6b22305b2b35b67c01cee02d07c25bd84042be280fbeda603a9,11,9,2,103,0,no explicit license; selected concepts independently rederived only,no source copying; evidence/reference/independent rederivation only,none; validated before extraction,revalidated against current target; detailed semantics in final-pass adoption ledger,0
MullvadVPN-Tricks-main,MullvadVPN-Tricks-main.zip,849349485bbe407085a17ec4f36de86587712c98576919684d35393d8c7b4ed1,10,9,2,0,0,GPL-3.0,copyleft; no direct source copy in current target changes; semantics independently implemented,none; strict path/type/collision/expansion validation before extraction,fully reviewed; semantics in ultimate-pass ledger,0
RealiTLScanner-main,RealiTLScanner-main.zip,b9b1b8203bf52378b44238fa36982fccc50bad28c1dc7cfbf75893b740fa511d,11,10,2,19,0,MPL-2.0,file-level copyleft; no direct source copy in current target changes; semantics independently implemented,none; strict path/type/collision/expansion validation before extraction,fully reviewed; semantics in ultimate-pass ledger,0
aces-main,aces-main.zip,8267a8dfce19c526e30a2686d92587574f9b1bc8f86fcc53716635bbc6549fd0,15,11,5,66,0,BSD-like US Government permissive,direct reuse legally plausible subject to target fit; this wave still uses target-native adaptation unless noted,none; strict path/type/collision/expansion validation before extraction,fully reviewed; semantics in ultimate-pass ledger,0
bldfrm-vpn-main,bldfrm-vpn-main.zip,e4fa35fd121db66b4868c656f529b67b44a974746fe534e97b010b93b08da4d0,2,1,2,0,0,no explicit license,"no direct source reuse; concepts, negative evidence and independently derived behavior only",none; strict path/type/collision/expansion validation before extraction,fully reviewed; semantics in ultimate-pass ledger,0
dns_over_tls_over_tor-master,dns_over_tls_over_tor-master.zip,941fb5e729e3e7d0d15e117120e01184b71e4e6cd2a22177d6df8b1180c93a3b,8,7,2,0,0,no explicit license,"no direct source reuse; concepts, negative evidence and independently derived behavior only",none; strict path/type/collision/expansion validation before extraction,fully reviewed; semantics in ultimate-pass ledger,0
fptn-manager-master,fptn-manager-master.zip,d73806f28e952c4741e4643e7d40084f51aa2e28b865b8672181abea34e8424e,5,4,2,0,0,MIT,direct reuse legally plausible subject to target fit; this wave still uses target-native adaptation unless noted,none; strict path/type/collision/expansion validation before extraction,fully reviewed; semantics in ultimate-pass ledger,0
fswatch-main,fswatch-main.zip,c1f50bd32a14ef958b1a85b96b95feb14f968afb9a9a2b22eb861a7b3efd3767,15,12,4,12,0,GPL-3.0-or-later,copyleft; no direct source copy in current target changes; semantics independently implemented,none; strict path/type/collision/expansion validation before extraction,fully reviewed; semantics in ultimate-pass ledger,0
iptables-mod-randmap-master,iptables-mod-randmap-master.zip,4da69f915375d7ef89c199849656d25c0fc607cbaf8c917afc6f552f8cd24f54,14,10,5,32,0,GPL-2.0,copyleft; no direct source copy in current target changes; semantics independently implemented,none; strict path/type/collision/expansion validation before extraction,fully reviewed; semantics in ultimate-pass ledger,0
mullvad-browser-main,mullvad-browser-main.zip,abcb3fa8aed9d0da0b1b881d639cdeaf5293c2d773de6f6c8d0d4a29d2df4418,14,9,6,1,0,MPL-2.0 (README claim; archive lacks license file),file-level copyleft; no direct source copy in current target changes; semantics independently implemented,none; strict path/type/collision/expansion validation before extraction,fully reviewed; semantics in ultimate-pass ledger,0
mullvad-closest-main,mullvad-closest-main.zip,9c149d9b94507c47e0e9116dd716f8c492a6f24643fbc39502ea0fee1ad25a11,12,10,3,24,0,Unlicense/public domain,direct reuse legally plausible subject to target fit; this wave still uses target-native adaptation unless noted,none; strict path/type/collision/expansion validation before extraction,fully reviewed; semantics in ultimate-pass ledger,0
mullvad-proxy-main,mullvad-proxy-main.zip,628573fd1b8e699583ab91034449584c7635fb7a1dad862424aabc2b1f6bbad6,16,12,5,0,0,no explicit license,"no direct source reuse; concepts, negative evidence and independently derived behavior only",none; strict path/type/collision/expansion validation before extraction,fully reviewed; semantics in ultimate-pass ledger,0
onionsphinkter-production,onionsphinkter-production.zip,3437f25da54170fbbc2d430eff6138b20f4be8b8de7df2a2d3af75bf36485ba5,19,13,7,86,0,no explicit license,"no direct source reuse; concepts, negative evidence and independently derived behavior only",none; strict path/type/collision/expansion validation before extraction,fully reviewed; semantics in ultimate-pass ledger,0
php-proxy-app-master,php-proxy-app-master.zip,e3984f1a11c8c18ac5ec83a800827b36b8066e78b793c2299f3ea9cecb3b6e67,18,13,6,13,0,MIT,direct reuse legally plausible subject to target fit; this wave still uses target-native adaptation unless noted,none; strict path/type/collision/expansion validation before extraction,fully reviewed; semantics in ultimate-pass ledger,0
ptnettools-main,ptnettools-main.zip,666e6be56e623f97d8d9ef1a0a4f9e546fee43005712d83189eee63901ee047f,10,9,2,56,0,CC0-1.0,direct reuse legally plausible subject to target fit; this wave still uses target-native adaptation unless noted,none; strict path/type/collision/expansion validation before extraction,fully reviewed; semantics in ultimate-pass ledger,0
smart-vpn-ec2-manager-main,smart-vpn-ec2-manager-main.zip,db84fcc0605edf3a8ac31e538641ced2d6421ff2fac169a3758c3af0f4c84bdc,8,8,3,4,0,no explicit license,"no direct source reuse; concepts, negative evidence and independently derived behavior only",none; strict path/type/collision/expansion validation before extraction; nested payload ZIP independently opened and hashed,fully reviewed; semantics in ultimate-pass ledger,1
the-onion-diaries-master,the-onion-diaries-master.zip,c5fffd3fdff3e4ee70b97441de568119118840d637b8930d90e480a46264c26d,4,3,2,0,0,no explicit license,"no direct source reuse; concepts, negative evidence and independently derived behavior only",none; strict path/type/collision/expansion validation before extraction,fully reviewed; semantics in ultimate-pass ledger,0
tor-relay-bootstrap-master,tor-relay-bootstrap-master.zip,f7fa26dd2c2f232835a5fdc1307888f0da4c84847254de21d520a57fcedaf3c4,17,9,9,0,0,GPL-3.0,copyleft; no direct source copy in current target changes; semantics independently implemented,none; strict path/type/collision/expansion validation before extraction,fully reviewed; semantics in ultimate-pass ledger,0
tor.rb-master,tor.rb-master.zip,8ffd688cec3a24850b9eece25dbd279efe4c9be331b9f6dbaa47e96e25d5ab2f,31,25,7,43,1,Unlicense/public domain,direct reuse legally plausible subject to target fit; this wave still uses target-native adaptation unless noted,none; strict path/type/collision/expansion validation before extraction,fully reviewed; semantics in ultimate-pass ledger,0
tor_box-master,tor_box-master.zip,5a85c8859de7f810ffa3645b1097f09b25bd8b3961ee33a772a3872341049e4e,4,3,2,0,0,no explicit license,"no direct source reuse; concepts, negative evidence and independently derived behavior only",none; strict path/type/collision/expansion validation before extraction,fully reviewed; semantics in ultimate-pass ledger,0
torget-main,torget-main.zip,134192f318dd6d68991326fefe70e654d87cc13cb5b9e0537ddfb18c2da36302,6,5,2,18,0,GPL-3.0,copyleft; no direct source copy in current target changes; semantics independently implemented,none; strict path/type/collision/expansion validation before extraction,fully reviewed; semantics in ultimate-pass ledger,0
