donor,directory,direct_files,direct_dirs
3xui-telegram-bot-main,.,8,6
3xui-telegram-bot-main,utils,7,0
3xui-telegram-bot-main,keyboards,1,0
3xui-telegram-bot-main,handlers,8,0
3xui-telegram-bot-main,scripts,4,0
3xui-telegram-bot-main,services,2,0
3xui-telegram-bot-main,middlewares,2,0
AgentDNS-main,.,10,2
AgentDNS-main,resources,1,0
AgentDNS-main,deployment,2,0
Auto_Tor_IP_changer-master(2),.,3,0
BPB-Warp-Scanner-main,.,13,1
BPB-Warp-Scanner-main,.github,0,1
BPB-Warp-Scanner-main,.github/workflows,1,0
BWLimiter-main,.,6,1
BWLimiter-main,systemd,1,0
DNS-Persist-master,.,4,3
DNS-Persist-master,images,5,0
DNS-Persist-master,modules,3,0
DNS-Persist-master,Agent,1,1
DNS-Persist-master,Agent/Agent,17,0
Go-netowrking-tools-main,.,1,2
Go-netowrking-tools-main,tcp-scanners-proxies,1,1
Go-netowrking-tools-main,tcp-scanners-proxies/cmd,0,2
Go-netowrking-tools-main,tcp-scanners-proxies/cmd/portScanner,1,0
Go-netowrking-tools-main,tcp-scanners-proxies/cmd/tcpProxy,1,0
Go-netowrking-tools-main,HTTP-CLIENTS-REMOTE-INTERACTIONS,0,1
Go-netowrking-tools-main,HTTP-CLIENTS-REMOTE-INTERACTIONS/cmd,0,1
Go-netowrking-tools-main,HTTP-CLIENTS-REMOTE-INTERACTIONS/cmd/httpApiCall,1,0
GodMode-main,.,12,7
GodMode-main,src,0,8
GodMode-main,src/settings,3,1
GodMode-main,src/settings/archive,1,0
GodMode-main,src/images,14,0
GodMode-main,src/providers,21,0
GodMode-main,src/components,2,0
GodMode-main,src/main,5,0
GodMode-main,src/renderer,9,1
GodMode-main,src/renderer/components,1,1
GodMode-main,src/renderer/components/ui,4,0
GodMode-main,src/lib,3,0
GodMode-main,src/__tests__,1,0
GodMode-main,images,5,0
GodMode-main,.github,0,2
GodMode-main,.github/workflows,1,0
GodMode-main,.github/ISSUE_TEMPLATE,2,0
GodMode-main,assets,8,1
GodMode-main,assets/icons,10,0
GodMode-main,scripts,0,4
GodMode-main,scripts/configs,10,0
GodMode-main,scripts/scripts,11,0
GodMode-main,scripts/mocks,1,0
GodMode-main,scripts/img,3,0
GodMode-main,release,0,1
GodMode-main,release/app,2,0
GodMode-main,build,1,0
GoodbyeDPI-master,.,4,2
GoodbyeDPI-master,src,16,1
GoodbyeDPI-master,src/utils,5,0
GoodbyeDPI-master,.github,0,2
GoodbyeDPI-master,.github/workflows,1,0
GoodbyeDPI-master,.github/ISSUE_TEMPLATE,3,0
InterceptSuite-main,.,2,0
InviZible-master,.,9,10
InviZible-master,fastlane,0,1
InviZible-master,fastlane/metadata,0,1
InviZible-master,fastlane/metadata/android,0,4
InviZible-master,fastlane/metadata/android/ru,2,0
InviZible-master,fastlane/metadata/android/zh-CN,3,0
InviZible-master,fastlane/metadata/android/en-US,3,2
InviZible-master,fastlane/metadata/android/en-US/images,3,2
InviZible-master,fastlane/metadata/android/en-US/images/phoneScreenshots,4,0
InviZible-master,fastlane/metadata/android/en-US/images/tvScreenshots,4,0
InviZible-master,fastlane/metadata/android/en-US/changelogs,210,0
InviZible-master,fastlane/metadata/android/de,1,0
InviZible-master,tordnscrypt,4,2
InviZible-master,tordnscrypt/src,0,10
InviZible-master,tordnscrypt/src/google_play,2,2
InviZible-master,tordnscrypt/src/google_play/res,0,8
InviZible-master,tordnscrypt/src/google_play/res/mipmap-xxhdpi,3,0
InviZible-master,tordnscrypt/src/google_play/res/mipmap-anydpi-v26,2,0
InviZible-master,tordnscrypt/src/google_play/res/drawable,1,0
InviZible-master,tordnscrypt/src/google_play/res/mipmap-xhdpi,3,0
InviZible-master,tordnscrypt/src/google_play/res/mipmap-xxxhdpi,3,0
InviZible-master,tordnscrypt/src/google_play/res/mipmap-mdpi,3,0
InviZible-master,tordnscrypt/src/google_play/res/mipmap-hdpi,3,0
InviZible-master,tordnscrypt/src/google_play/res/values,2,0
InviZible-master,tordnscrypt/src/google_play/java,0,1
InviZible-master,tordnscrypt/src/google_play/java/pan,0,1
InviZible-master,tordnscrypt/src/google_play/java/pan/alexander,0,1
InviZible-master,tordnscrypt/src/google_play/java/pan/alexander/tordnscrypt,0,1
InviZible-master,tordnscrypt/src/google_play/java/pan/alexander/tordnscrypt/assistance,1,0
InviZible-master,tordnscrypt/src/pro,0,2
InviZible-master,tordnscrypt/src/pro/res,0,8
InviZible-master,tordnscrypt/src/pro/res/mipmap-xxhdpi,3,0
InviZible-master,tordnscrypt/src/pro/res/mipmap-anydpi-v26,2,0
InviZible-master,tordnscrypt/src/pro/res/drawable,1,0
InviZible-master,tordnscrypt/src/pro/res/mipmap-xhdpi,3,0
InviZible-master,tordnscrypt/src/pro/res/mipmap-xxxhdpi,3,0
InviZible-master,tordnscrypt/src/pro/res/mipmap-mdpi,3,0
InviZible-master,tordnscrypt/src/pro/res/mipmap-hdpi,3,0
InviZible-master,tordnscrypt/src/pro/res/values,2,0
InviZible-master,tordnscrypt/src/pro/java,0,1
InviZible-master,tordnscrypt/src/pro/java/pan,0,1
InviZible-master,tordnscrypt/src/pro/java/pan/alexander,0,1
InviZible-master,tordnscrypt/src/pro/java/pan/alexander/tordnscrypt,0,1
InviZible-master,tordnscrypt/src/pro/java/pan/alexander/tordnscrypt/assistance,1,0
InviZible-master,tordnscrypt/src/armv7a,0,1
InviZible-master,tordnscrypt/src/armv7a/assets,1,0
InviZible-master,tordnscrypt/src/lite,0,2
InviZible-master,tordnscrypt/src/lite/res,0,8
InviZible-master,tordnscrypt/src/lite/res/mipmap-xxhdpi,3,0
InviZible-master,tordnscrypt/src/lite/res/mipmap-anydpi-v26,2,0
InviZible-master,tordnscrypt/src/lite/res/drawable,1,0
InviZible-master,tordnscrypt/src/lite/res/mipmap-xhdpi,3,0
InviZible-master,tordnscrypt/src/lite/res/mipmap-xxxhdpi,3,0
InviZible-master,tordnscrypt/src/lite/res/mipmap-mdpi,3,0
InviZible-master,tordnscrypt/src/lite/res/mipmap-hdpi,3,0
InviZible-master,tordnscrypt/src/lite/res/values,2,0
InviZible-master,tordnscrypt/src/lite/java,0,1
InviZible-master,tordnscrypt/src/lite/java/pan,0,1
InviZible-master,tordnscrypt/src/lite/java/pan/alexander,0,1
InviZible-master,tordnscrypt/src/lite/java/pan/alexander/tordnscrypt,0,1
InviZible-master,tordnscrypt/src/lite/java/pan/alexander/tordnscrypt/assistance,1,0
InviZible-master,tordnscrypt/src/arm64,0,1
InviZible-master,tordnscrypt/src/arm64/assets,1,0
InviZible-master,tordnscrypt/src/main,2,4
InviZible-master,tordnscrypt/src/main/jni,0,1
InviZible-master,tordnscrypt/src/main/jni/invizible,11,0
InviZible-master,tordnscrypt/src/main/assets,4,0
InviZible-master,tordnscrypt/src/main/res,0,52
InviZible-master,tordnscrypt/src/main/res/values-uk,1,0
InviZible-master,tordnscrypt/src/main/res/values-fi,1,0
InviZible-master,tordnscrypt/src/main/res/values-fr,1,0
InviZible-master,tordnscrypt/src/main/res/values-fa,1,0
InviZible-master,tordnscrypt/src/main/res/values-ja,1,0
InviZible-master,tordnscrypt/src/main/res/drawable-hdpi,11,0
InviZible-master,tordnscrypt/src/main/res/values-or,1,0
InviZible-master,tordnscrypt/src/main/res/values-cs,1,0
InviZible-master,tordnscrypt/src/main/res/values-ckb,1,0
InviZible-master,tordnscrypt/src/main/res/values-ro,1,0
InviZible-master,tordnscrypt/src/main/res/xml,8,0
InviZible-master,tordnscrypt/src/main/res/values-night,1,0
InviZible-master,tordnscrypt/src/main/res/values-ta,1,0
InviZible-master,tordnscrypt/src/main/res/values-v21,1,0
InviZible-master,tordnscrypt/src/main/res/values-sw360dp-v13,1,0
InviZible-master,tordnscrypt/src/main/res/values-land,1,0
InviZible-master,tordnscrypt/src/main/res/values-zh,1,0
InviZible-master,tordnscrypt/src/main/res/mipmap-xxhdpi,3,0
InviZible-master,tordnscrypt/src/main/res/values-ar,1,0
InviZible-master,tordnscrypt/src/main/res/values-de,1,0
InviZible-master,tordnscrypt/src/main/res/layout-land,5,0
InviZible-master,tordnscrypt/src/main/res/values-ru,1,0
InviZible-master,tordnscrypt/src/main/res/values-nb-rNO,1,0
InviZible-master,tordnscrypt/src/main/res/values-nl,1,0
InviZible-master,tordnscrypt/src/main/res/mipmap-anydpi-v26,2,0
InviZible-master,tordnscrypt/src/main/res/drawable,61,0
InviZible-master,tordnscrypt/src/main/res/mipmap-xhdpi,3,0
InviZible-master,tordnscrypt/src/main/res/mipmap-xxxhdpi,3,0
InviZible-master,tordnscrypt/src/main/res/menu,4,0
InviZible-master,tordnscrypt/src/main/res/values-in,1,0
InviZible-master,tordnscrypt/src/main/res/drawable-xhdpi,11,0
InviZible-master,tordnscrypt/src/main/res/raw,12,0
InviZible-master,tordnscrypt/src/main/res/drawable-xxhdpi,11,0
InviZible-master,tordnscrypt/src/main/res/drawable-anydpi-v23,2,0
InviZible-master,tordnscrypt/src/main/res/values-pt,1,0
InviZible-master,tordnscrypt/src/main/res/values-ml,1,0
InviZible-master,tordnscrypt/src/main/res/values-el,1,0
InviZible-master,tordnscrypt/src/main/res/values-sr,1,0
InviZible-master,tordnscrypt/src/main/res/mipmap-mdpi,3,0
InviZible-master,tordnscrypt/src/main/res/mipmap-hdpi,3,0
InviZible-master,tordnscrypt/src/main/res/values-pt-rBR,1,0
InviZible-master,tordnscrypt/src/main/res/values-pl,1,0
InviZible-master,tordnscrypt/src/main/res/values-bg,1,0
InviZible-master,tordnscrypt/src/main/res/layout,47,0
InviZible-master,tordnscrypt/src/main/res/values,6,0
InviZible-master,tordnscrypt/src/main/res/values-vi,1,0
InviZible-master,tordnscrypt/src/main/res/values-da,1,0
InviZible-master,tordnscrypt/src/main/res/drawable-xxxhdpi,7,0
InviZible-master,tordnscrypt/src/main/res/values-it,1,0
InviZible-master,tordnscrypt/src/main/res/values-es,1,0
InviZible-master,tordnscrypt/src/main/res/drawable-mdpi,11,0
InviZible-master,tordnscrypt/src/main/res/values-tr,1,0
InviZible-master,tordnscrypt/src/main/java,0,1
InviZible-master,tordnscrypt/src/main/java/pan,0,1
InviZible-master,tordnscrypt/src/main/java/pan/alexander,0,1
InviZible-master,tordnscrypt/src/main/java/pan/alexander/tordnscrypt,9,26
InviZible-master,tordnscrypt/src/main/java/pan/alexander/tordnscrypt/di,13,4
InviZible-master,tordnscrypt/src/main/java/pan/alexander/tordnscrypt/di/arp,2,0
InviZible-master,tordnscrypt/src/main/java/pan/alexander/tordnscrypt/di/tiles,2,0
InviZible-master,tordnscrypt/src/main/java/pan/alexander/tordnscrypt/di/logreader,4,0
InviZible-master,tordnscrypt/src/main/java/pan/alexander/tordnscrypt/di/modulesservice,3,0
InviZible-master,tordnscrypt/src/main/java/pan/alexander/tordnscrypt/main_fragment,2,0
InviZible-master,tordnscrypt/src/main/java/pan/alexander/tordnscrypt/arp,10,0
InviZible-master,tordnscrypt/src/main/java/pan/alexander/tordnscrypt/settings,8,11
InviZible-master,tordnscrypt/src/main/java/pan/alexander/tordnscrypt/settings/itpd_settings,4,0
InviZible-master,tordnscrypt/src/main/java/pan/alexander/tordnscrypt/settings/dnscrypt_relays,8,0
InviZible-master,tordnscrypt/src/main/java/pan/alexander/tordnscrypt/settings/dnscrypt_rules,3,5
InviZible-master,tordnscrypt/src/main/java/pan/alexander/tordnscrypt/settings/dnscrypt_rules/recycler,2,0
InviZible-master,tordnscrypt/src/main/java/pan/alexander/tordnscrypt/settings/dnscrypt_rules/receiver,1,0
InviZible-master,tordnscrypt/src/main/java/pan/alexander/tordnscrypt/settings/dnscrypt_rules/local,4,0
InviZible-master,tordnscrypt/src/main/java/pan/alexander/tordnscrypt/settings/dnscrypt_rules/existing,2,0
InviZible-master,tordnscrypt/src/main/java/pan/alexander/tordnscrypt/settings/dnscrypt_rules/remote,4,0
InviZible-master,tordnscrypt/src/main/java/pan/alexander/tordnscrypt/settings/tor_ips,8,0
InviZible-master,tordnscrypt/src/main/java/pan/alexander/tordnscrypt/settings/dnscrypt_settings,2,0
InviZible-master,tordnscrypt/src/main/java/pan/alexander/tordnscrypt/settings/tor_countries,3,0
InviZible-master,tordnscrypt/src/main/java/pan/alexander/tordnscrypt/settings/dnscrypt_servers,8,0
InviZible-master,tordnscrypt/src/main/java/pan/alexander/tordnscrypt/settings/tor_preferences,2,0
InviZible-master,tordnscrypt/src/main/java/pan/alexander/tordnscrypt/settings/tor_bridges,11,0
InviZible-master,tordnscrypt/src/main/java/pan/alexander/tordnscrypt/settings/firewall,8,1
InviZible-master,tordnscrypt/src/main/java/pan/alexander/tordnscrypt/settings/firewall/adapter,2,0
InviZible-master,tordnscrypt/src/main/java/pan/alexander/tordnscrypt/settings/tor_apps,4,0
InviZible-master,tordnscrypt/src/main/java/pan/alexander/tordnscrypt/vpn,8,1
InviZible-master,tordnscrypt/src/main/java/pan/alexander/tordnscrypt/vpn/service,7,0
InviZible-master,tordnscrypt/src/main/java/pan/alexander/tordnscrypt/itpd_fragment,5,0
InviZible-master,tordnscrypt/src/main/java/pan/alexander/tordnscrypt/utils,5,26
InviZible-master,tordnscrypt/src/main/java/pan/alexander/tordnscrypt/utils/resources,2,0
InviZible-master,tordnscrypt/src/main/java/pan/alexander/tordnscrypt/utils/integrity,1,0
InviZible-master,tordnscrypt/src/main/java/pan/alexander/tordnscrypt/utils/appexit,1,0
InviZible-master,tordnscrypt/src/main/java/pan/alexander/tordnscrypt/utils/enums,8,0
InviZible-master,tordnscrypt/src/main/java/pan/alexander/tordnscrypt/utils/root,5,0
InviZible-master,tordnscrypt/src/main/java/pan/alexander/tordnscrypt/utils/logger,1,0
InviZible-master,tordnscrypt/src/main/java/pan/alexander/tordnscrypt/utils/filemanager,6,0
InviZible-master,tordnscrypt/src/main/java/pan/alexander/tordnscrypt/utils/apps,2,0
InviZible-master,tordnscrypt/src/main/java/pan/alexander/tordnscrypt/utils/delegates,1,0
InviZible-master,tordnscrypt/src/main/java/pan/alexander/tordnscrypt/utils/workers,2,0
InviZible-master,tordnscrypt/src/main/java/pan/alexander/tordnscrypt/utils/dns,9,0
InviZible-master,tordnscrypt/src/main/java/pan/alexander/tordnscrypt/utils/bootcomplete,1,0
InviZible-master,tordnscrypt/src/main/java/pan/alexander/tordnscrypt/utils/parsers,3,0
InviZible-master,tordnscrypt/src/main/java/pan/alexander/tordnscrypt/utils/mode,2,0
InviZible-master,tordnscrypt/src/main/java/pan/alexander/tordnscrypt/utils/web,3,0
InviZible-master,tordnscrypt/src/main/java/pan/alexander/tordnscrypt/utils/session,2,0
InviZible-master,tordnscrypt/src/main/java/pan/alexander/tordnscrypt/utils/portchecker,1,0
InviZible-master,tordnscrypt/src/main/java/pan/alexander/tordnscrypt/utils/connectivitycheck,1,0
InviZible-master,tordnscrypt/src/main/java/pan/alexander/tordnscrypt/utils/ap,2,0
InviZible-master,tordnscrypt/src/main/java/pan/alexander/tordnscrypt/utils/notification,2,0
InviZible-master,tordnscrypt/src/main/java/pan/alexander/tordnscrypt/utils/privatedns,1,0
InviZible-master,tordnscrypt/src/main/java/pan/alexander/tordnscrypt/utils/zipUtil,1,0
InviZible-master,tordnscrypt/src/main/java/pan/alexander/tordnscrypt/utils/wakelock,1,0
InviZible-master,tordnscrypt/src/main/java/pan/alexander/tordnscrypt/utils/preferences,3,0
InviZible-master,tordnscrypt/src/main/java/pan/alexander/tordnscrypt/utils/executors,2,0
InviZible-master,tordnscrypt/src/main/java/pan/alexander/tordnscrypt/utils/connectionchecker,4,0
InviZible-master,tordnscrypt/src/main/java/pan/alexander/tordnscrypt/modules,18,0
InviZible-master,tordnscrypt/src/main/java/pan/alexander/tordnscrypt/help,3,0
InviZible-master,tordnscrypt/src/main/java/pan/alexander/tordnscrypt/proxy,2,0
InviZible-master,tordnscrypt/src/main/java/pan/alexander/tordnscrypt/patches,3,0
InviZible-master,tordnscrypt/src/main/java/pan/alexander/tordnscrypt/installer,11,0
InviZible-master,tordnscrypt/src/main/java/pan/alexander/tordnscrypt/tiles,8,0
InviZible-master,tordnscrypt/src/main/java/pan/alexander/tordnscrypt/views,2,0
InviZible-master,tordnscrypt/src/main/java/pan/alexander/tordnscrypt/dnscrypt_fragment,5,0
InviZible-master,tordnscrypt/src/main/java/pan/alexander/tordnscrypt/crash_handling,1,0
InviZible-master,tordnscrypt/src/main/java/pan/alexander/tordnscrypt/about,1,0
InviZible-master,tordnscrypt/src/main/java/pan/alexander/tordnscrypt/nflog,3,0
InviZible-master,tordnscrypt/src/main/java/pan/alexander/tordnscrypt/backup,6,0
InviZible-master,tordnscrypt/src/main/java/pan/alexander/tordnscrypt/iptables,9,0
InviZible-master,tordnscrypt/src/main/java/pan/alexander/tordnscrypt/dialogs,20,1
InviZible-master,tordnscrypt/src/main/java/pan/alexander/tordnscrypt/dialogs/progressDialogs,4,0
InviZible-master,tordnscrypt/src/main/java/pan/alexander/tordnscrypt/update,3,0
InviZible-master,tordnscrypt/src/main/java/pan/alexander/tordnscrypt/data,0,11
InviZible-master,tordnscrypt/src/main/java/pan/alexander/tordnscrypt/data/resources,1,0
InviZible-master,tordnscrypt/src/main/java/pan/alexander/tordnscrypt/data/bridges,10,0
InviZible-master,tordnscrypt/src/main/java/pan/alexander/tordnscrypt/data/dns_rules,3,0
InviZible-master,tordnscrypt/src/main/java/pan/alexander/tordnscrypt/data/dnscrypt_relays,3,0
InviZible-master,tordnscrypt/src/main/java/pan/alexander/tordnscrypt/data/connection_checker,3,0
InviZible-master,tordnscrypt/src/main/java/pan/alexander/tordnscrypt/data/dns_resolver,3,0
InviZible-master,tordnscrypt/src/main/java/pan/alexander/tordnscrypt/data/log_reader,3,0
InviZible-master,tordnscrypt/src/main/java/pan/alexander/tordnscrypt/data/dnscrypt_servers,3,0
InviZible-master,tordnscrypt/src/main/java/pan/alexander/tordnscrypt/data/preferences,3,0
InviZible-master,tordnscrypt/src/main/java/pan/alexander/tordnscrypt/data/modules_configuration,1,0
InviZible-master,tordnscrypt/src/main/java/pan/alexander/tordnscrypt/data/connection_records,3,0
InviZible-master,tordnscrypt/src/main/java/pan/alexander/tordnscrypt/language,3,0
InviZible-master,tordnscrypt/src/main/java/pan/alexander/tordnscrypt/domain,0,11
InviZible-master,tordnscrypt/src/main/java/pan/alexander/tordnscrypt/domain/resources,1,0
InviZible-master,tordnscrypt/src/main/java/pan/alexander/tordnscrypt/domain/bridges,11,0
InviZible-master,tordnscrypt/src/main/java/pan/alexander/tordnscrypt/domain/dns_rules,5,0
InviZible-master,tordnscrypt/src/main/java/pan/alexander/tordnscrypt/domain/dnscrypt_relays,2,0
InviZible-master,tordnscrypt/src/main/java/pan/alexander/tordnscrypt/domain/tor_ips,2,0
InviZible-master,tordnscrypt/src/main/java/pan/alexander/tordnscrypt/domain/connection_checker,4,0
InviZible-master,tordnscrypt/src/main/java/pan/alexander/tordnscrypt/domain/dns_resolver,3,0
InviZible-master,tordnscrypt/src/main/java/pan/alexander/tordnscrypt/domain/log_reader,10,3
InviZible-master,tordnscrypt/src/main/java/pan/alexander/tordnscrypt/domain/log_reader/dnscrypt,3,0
InviZible-master,tordnscrypt/src/main/java/pan/alexander/tordnscrypt/domain/log_reader/tor,3,0
InviZible-master,tordnscrypt/src/main/java/pan/alexander/tordnscrypt/domain/log_reader/itpd,6,0
InviZible-master,tordnscrypt/src/main/java/pan/alexander/tordnscrypt/domain/dnscrypt_servers,2,0
InviZible-master,tordnscrypt/src/main/java/pan/alexander/tordnscrypt/domain/preferences,2,0
InviZible-master,tordnscrypt/src/main/java/pan/alexander/tordnscrypt/domain/connection_records,6,1
InviZible-master,tordnscrypt/src/main/java/pan/alexander/tordnscrypt/domain/connection_records/entities,3,0
InviZible-master,tordnscrypt/src/main/java/pan/alexander/tordnscrypt/tor_fragment,5,0
InviZible-master,tordnscrypt/src/debug,1,1
InviZible-master,tordnscrypt/src/debug/java,0,1
InviZible-master,tordnscrypt/src/debug/java/pan,0,1
InviZible-master,tordnscrypt/src/debug/java/pan/alexander,0,1
InviZible-master,tordnscrypt/src/debug/java/pan/alexander/tordnscrypt,0,1
InviZible-master,tordnscrypt/src/debug/java/pan/alexander/tordnscrypt/utils,0,1
InviZible-master,tordnscrypt/src/debug/java/pan/alexander/tordnscrypt/utils/multidex,1,0
InviZible-master,tordnscrypt/src/fdroid,1,2
InviZible-master,tordnscrypt/src/fdroid/res,0,8
InviZible-master,tordnscrypt/src/fdroid/res/mipmap-xxhdpi,3,0
InviZible-master,tordnscrypt/src/fdroid/res/mipmap-anydpi-v26,2,0
InviZible-master,tordnscrypt/src/fdroid/res/drawable,1,0
InviZible-master,tordnscrypt/src/fdroid/res/mipmap-xhdpi,3,0
InviZible-master,tordnscrypt/src/fdroid/res/mipmap-xxxhdpi,3,0
InviZible-master,tordnscrypt/src/fdroid/res/mipmap-mdpi,3,0
InviZible-master,tordnscrypt/src/fdroid/res/mipmap-hdpi,3,0
InviZible-master,tordnscrypt/src/fdroid/res/values,2,0
InviZible-master,tordnscrypt/src/fdroid/java,0,1
InviZible-master,tordnscrypt/src/fdroid/java/pan,0,1
InviZible-master,tordnscrypt/src/fdroid/java/pan/alexander,0,1
InviZible-master,tordnscrypt/src/fdroid/java/pan/alexander/tordnscrypt,0,1
InviZible-master,tordnscrypt/src/fdroid/java/pan/alexander/tordnscrypt/assistance,1,0
InviZible-master,tordnscrypt/src/beta,1,2
InviZible-master,tordnscrypt/src/beta/res,0,8
InviZible-master,tordnscrypt/src/beta/res/mipmap-xxhdpi,3,0
InviZible-master,tordnscrypt/src/beta/res/mipmap-anydpi-v26,2,0
InviZible-master,tordnscrypt/src/beta/res/drawable,1,0
InviZible-master,tordnscrypt/src/beta/res/mipmap-xhdpi,3,0
InviZible-master,tordnscrypt/src/beta/res/mipmap-xxxhdpi,3,0
InviZible-master,tordnscrypt/src/beta/res/mipmap-mdpi,3,0
InviZible-master,tordnscrypt/src/beta/res/mipmap-hdpi,3,0
InviZible-master,tordnscrypt/src/beta/res/values,2,0
InviZible-master,tordnscrypt/src/beta/java,0,1
InviZible-master,tordnscrypt/src/beta/java/pan,0,1
InviZible-master,tordnscrypt/src/beta/java/pan/alexander,0,1
InviZible-master,tordnscrypt/src/beta/java/pan/alexander/tordnscrypt,0,1
InviZible-master,tordnscrypt/src/beta/java/pan/alexander/tordnscrypt/assistance,1,0
InviZible-master,tordnscrypt/src/release,0,1
InviZible-master,tordnscrypt/src/release/java,0,1
InviZible-master,tordnscrypt/src/release/java/pan,0,1
InviZible-master,tordnscrypt/src/release/java/pan/alexander,0,1
InviZible-master,tordnscrypt/src/release/java/pan/alexander/tordnscrypt,0,1
InviZible-master,tordnscrypt/src/release/java/pan/alexander/tordnscrypt/utils,0,1
InviZible-master,tordnscrypt/src/release/java/pan/alexander/tordnscrypt/utils/multidex,1,0
InviZible-master,tordnscrypt/libs,3,3
InviZible-master,tordnscrypt/libs/x86_64,8,0
InviZible-master,tordnscrypt/libs/armeabi-v7a,8,0
InviZible-master,tordnscrypt/libs/arm64-v8a,8,0
InviZible-master,gradle,0,1
InviZible-master,gradle/wrapper,2,0
InviZible-master,Wiki,0,1
InviZible-master,Wiki/Screenshots,0,15
InviZible-master,Wiki/Screenshots/Real time connections Log,1,0
InviZible-master,Wiki/Screenshots/InviZible-Telegram,2,0
InviZible-master,Wiki/Screenshots/Operation modes,2,0
InviZible-master,Wiki/Screenshots/VPN over Tor,1,2
InviZible-master,Wiki/Screenshots/VPN over Tor/Root mode,9,0
InviZible-master,Wiki/Screenshots/VPN over Tor/Proxy mode,6,0
InviZible-master,Wiki/Screenshots/Options,0,12
InviZible-master,Wiki/Screenshots/Options/Tor circuits isolation,1,0
InviZible-master,Wiki/Screenshots/Options/Fix TTL,5,0
InviZible-master,Wiki/Screenshots/Options/Using I2P outproxy,4,0
InviZible-master,Wiki/Screenshots/Options/Spoof SNI,2,0
InviZible-master,Wiki/Screenshots/Options/Hotspot,7,0
InviZible-master,Wiki/Screenshots/Options/Bootstrap resolvers,1,0
InviZible-master,Wiki/Screenshots/Options/Ignore system DNS,1,0
InviZible-master,Wiki/Screenshots/Options/Multi user,1,0
InviZible-master,Wiki/Screenshots/Options/VPN Hotspot,4,0
InviZible-master,Wiki/Screenshots/Options/Add DNSCrypt server,12,0
InviZible-master,Wiki/Screenshots/Options/Run Modules With Root,2,0
InviZible-master,Wiki/Screenshots/Options/Tor bridges,2,3
InviZible-master,Wiki/Screenshots/Options/Tor bridges/Requesting new bridges,10,0
InviZible-master,Wiki/Screenshots/Options/Tor bridges/Using default bridges,8,0
InviZible-master,Wiki/Screenshots/Options/Tor bridges/Adding new bridges,6,0
InviZible-master,Wiki/Screenshots/InviZible-NetGuard,14,0
InviZible-master,Wiki/Screenshots/Tor over VPN,7,0
InviZible-master,Wiki/Screenshots/InviZible-pDNSf,3,0
InviZible-master,Wiki/Screenshots/InviZible with VPN,7,0
InviZible-master,Wiki/Screenshots/Quick guide,13,0
InviZible-master,Wiki/Screenshots/InviZible-Rethink,9,0
InviZible-master,Wiki/Screenshots/How to check,9,0
InviZible-master,Wiki/Screenshots/InviZible-Tor-Firefox,4,0
InviZible-master,Wiki/Screenshots/Firewall,8,0
InviZible-master,Wiki/Screenshots/InviZible-I2P-Firefox,3,0
InviZible-master,TorBuildScript,0,0
InviZible-master,.github,1,0
InviZible-master,android-filepicker,0,0
InviZible-master,Nflog-android,0,0
InviZible-master,PurpleI2PBuildScript,0,0
InviZible-master,included_licenses,7,0
Marzban-master,.,20,4
Marzban-master,app,2,11
Marzban-master,app/xray,5,0
Marzban-master,app/subscription,7,0
Marzban-master,app/utils,9,0
Marzban-master,app/templates,2,7
Marzban-master,app/templates/subscription,1,0
Marzban-master,app/templates/mux,1,0
Marzban-master,app/templates/user_agent,2,0
Marzban-master,app/templates/v2ray,3,0
Marzban-master,app/templates/singbox,3,0
Marzban-master,app/templates/home,1,0
Marzban-master,app/templates/clash,3,0
Marzban-master,app/discord,1,1
Marzban-master,app/discord/handlers,1,0
Marzban-master,app/models,7,0
Marzban-master,app/dashboard,13,3
Marzban-master,app/dashboard/src,4,10
Marzban-master,app/dashboard/src/utils,8,0
Marzban-master,app/dashboard/src/components,27,1
Marzban-master,app/dashboard/src/components/JsonEditor,3,0
Marzban-master,app/dashboard/src/assets,2,0
Marzban-master,app/dashboard/src/locales,1,0
Marzban-master,app/dashboard/src/pages,3,0
Marzban-master,app/dashboard/src/service,1,0
Marzban-master,app/dashboard/src/constants,4,0
Marzban-master,app/dashboard/src/contexts,4,0
Marzban-master,app/dashboard/src/types,2,0
Marzban-master,app/dashboard/src/hooks,1,0
Marzban-master,app/dashboard/public,0,1
Marzban-master,app/dashboard/public/statics,0,2
Marzban-master,app/dashboard/public/statics/locales,4,0
Marzban-master,app/dashboard/public/statics/favicon,10,0
Marzban-master,app/dashboard/build,2,1
Marzban-master,app/dashboard/build/statics,9,2
Marzban-master,app/dashboard/build/statics/locales,4,0
Marzban-master,app/dashboard/build/statics/favicon,10,0
Marzban-master,app/db,4,1
Marzban-master,app/db/migrations,3,1
Marzban-master,app/db/migrations/versions,62,0
Marzban-master,app/jobs,7,0
Marzban-master,app/routers,9,0
Marzban-master,app/telegram,1,2
Marzban-master,app/telegram/utils,4,0
Marzban-master,app/telegram/handlers,3,0
Marzban-master,xray_api,5,2
Marzban-master,xray_api/proto,1,5
Marzban-master,xray_api/proto/app,0,11
Marzban-master,xray_api/proto/app/router,2,1
Marzban-master,xray_api/proto/app/router/command,2,0
Marzban-master,xray_api/proto/app/stats,2,1
Marzban-master,xray_api/proto/app/stats/command,2,0
Marzban-master,xray_api/proto/app/dns,2,1
Marzban-master,xray_api/proto/app/dns/fakedns,2,0
Marzban-master,xray_api/proto/app/proxyman,2,1
Marzban-master,xray_api/proto/app/proxyman/command,2,0
Marzban-master,xray_api/proto/app/observatory,2,2
Marzban-master,xray_api/proto/app/observatory/burst,2,0
Marzban-master,xray_api/proto/app/observatory/command,2,0
Marzban-master,xray_api/proto/app/metrics,2,0
Marzban-master,xray_api/proto/app/reverse,2,0
Marzban-master,xray_api/proto/app/log,2,1
Marzban-master,xray_api/proto/app/log/command,2,0
Marzban-master,xray_api/proto/app/dispatcher,2,0
Marzban-master,xray_api/proto/app/policy,2,0
Marzban-master,xray_api/proto/app/commander,2,0
Marzban-master,xray_api/proto/common,0,4
Marzban-master,xray_api/proto/common/net,8,0
Marzban-master,xray_api/proto/common/protocol,6,0
Marzban-master,xray_api/proto/common/serial,2,0
Marzban-master,xray_api/proto/common/log,2,0
Marzban-master,xray_api/proto/proxy,0,14
Marzban-master,xray_api/proto/proxy/mtproto,2,0
Marzban-master,xray_api/proto/proxy/http,2,0
Marzban-master,xray_api/proto/proxy/dokodemo,2,0
Marzban-master,xray_api/proto/proxy/loopback,2,0
Marzban-master,xray_api/proto/proxy/vless,2,3
Marzban-master,xray_api/proto/proxy/vless/outbound,2,0
Marzban-master,xray_api/proto/proxy/vless/encoding,2,0
Marzban-master,xray_api/proto/proxy/vless/inbound,2,0
Marzban-master,xray_api/proto/proxy/dns,2,0
Marzban-master,xray_api/proto/proxy/socks,2,0
Marzban-master,xray_api/proto/proxy/shadowsocks,2,0
Marzban-master,xray_api/proto/proxy/trojan,2,0
Marzban-master,xray_api/proto/proxy/shadowsocks_2022,2,0
Marzban-master,xray_api/proto/proxy/wireguard,2,0
Marzban-master,xray_api/proto/proxy/blackhole,2,0
Marzban-master,xray_api/proto/proxy/freedom,2,0
Marzban-master,xray_api/proto/proxy/vmess,2,2
Marzban-master,xray_api/proto/proxy/vmess/outbound,2,0
Marzban-master,xray_api/proto/proxy/vmess/inbound,2,0
Marzban-master,xray_api/proto/core,2,0
Marzban-master,xray_api/proto/transport,0,2
Marzban-master,xray_api/proto/transport/internet,2,14
Marzban-master,xray_api/proto/transport/internet/http,2,0
Marzban-master,xray_api/proto/transport/internet/domainsocket,2,0
Marzban-master,xray_api/proto/transport/internet/httpupgrade,2,0
Marzban-master,xray_api/proto/transport/internet/xtls,2,0
Marzban-master,xray_api/proto/transport/internet/websocket,2,0
Marzban-master,xray_api/proto/transport/internet/tcp,2,0
Marzban-master,xray_api/proto/transport/internet/kcp,2,0
Marzban-master,xray_api/proto/transport/internet/quic,2,0
Marzban-master,xray_api/proto/transport/internet/udp,2,0
Marzban-master,xray_api/proto/transport/internet/reality,2,0
Marzban-master,xray_api/proto/transport/internet/grpc,2,1
Marzban-master,xray_api/proto/transport/internet/grpc/encoding,2,0
Marzban-master,xray_api/proto/transport/internet/splithttp,2,0
Marzban-master,xray_api/proto/transport/internet/headers,0,8
Marzban-master,xray_api/proto/transport/internet/headers/srtp,2,0
Marzban-master,xray_api/proto/transport/internet/headers/http,2,0
Marzban-master,xray_api/proto/transport/internet/headers/noop,2,0
Marzban-master,xray_api/proto/transport/internet/headers/dns,2,0
Marzban-master,xray_api/proto/transport/internet/headers/wechat,2,0
Marzban-master,xray_api/proto/transport/internet/headers/utp,2,0
Marzban-master,xray_api/proto/transport/internet/headers/wireguard,2,0
Marzban-master,xray_api/proto/transport/internet/headers/tls,2,0
Marzban-master,xray_api/proto/transport/internet/tls,2,0
Marzban-master,xray_api/proto/transport/global,2,0
Marzban-master,xray_api/types,3,0
Marzban-master,.github,0,2
Marzban-master,.github/workflows,2,0
Marzban-master,.github/ISSUE_TEMPLATE,2,0
Marzban-master,cli,6,0
Proxy-client-collection-main,.,2,0
Se7en-Pro-1.0.0,.,5,2
Se7en-Pro-1.0.0,PsiphonUI,5,9
Se7en-Pro-1.0.0,PsiphonUI/Views,14,0
Se7en-Pro-1.0.0,PsiphonUI/Themes,2,0
Se7en-Pro-1.0.0,PsiphonUI/Assets,5,0
Se7en-Pro-1.0.0,PsiphonUI/Services,30,0
Se7en-Pro-1.0.0,PsiphonUI/Resources,5,2
Se7en-Pro-1.0.0,PsiphonUI/Resources/Flags,60,0
Se7en-Pro-1.0.0,PsiphonUI/Resources/sing-box,2,0
Se7en-Pro-1.0.0,PsiphonUI/tools,2,0
Se7en-Pro-1.0.0,PsiphonUI/ViewModels,8,0
Se7en-Pro-1.0.0,PsiphonUI/Converters,3,0
Se7en-Pro-1.0.0,PsiphonUI/Models,2,0
Se7en-Pro-1.0.0,.git,6,5
Se7en-Pro-1.0.0,.git/refs,0,2
Se7en-Pro-1.0.0,.git/refs/remotes,0,1
Se7en-Pro-1.0.0,.git/refs/remotes/origin,1,0
Se7en-Pro-1.0.0,.git/refs/heads,1,0
Se7en-Pro-1.0.0,.git/objects,0,1
Se7en-Pro-1.0.0,.git/objects/pack,3,0
Se7en-Pro-1.0.0,.git/info,1,0
Se7en-Pro-1.0.0,.git/logs,1,1
Se7en-Pro-1.0.0,.git/logs/refs,0,2
Se7en-Pro-1.0.0,.git/logs/refs/remotes,0,1
Se7en-Pro-1.0.0,.git/logs/refs/remotes/origin,1,0
Se7en-Pro-1.0.0,.git/logs/refs/heads,1,0
Se7en-Pro-1.0.0,.git/hooks,14,0
Serverless-for-Iran-main,.,6,1
Serverless-for-Iran-main,Subscription,1,0
Subnet-Divider-main,.,2,0
V2RayN-PRO-main(1),.,12,3
V2RayN-PRO-main(1),images,1,0
V2RayN-PRO-main(1),guiConfigs,6,0
V2RayN-PRO-main(1),example,0,1
V2RayN-PRO-main(1),example/v2rayN-Pro,8,2
V2RayN-PRO-main(1),example/v2rayN-Pro/bin,5,4
V2RayN-PRO-main(1),example/v2rayN-Pro/bin/Xray,4,0
V2RayN-PRO-main(1),example/v2rayN-Pro/bin/srss,17,0
V2RayN-PRO-main(1),example/v2rayN-Pro/bin/mihomo,1,0
V2RayN-PRO-main(1),example/v2rayN-Pro/bin/sing_box,1,0
V2RayN-PRO-main(1),example/v2rayN-Pro/guiConfigs,6,0
V2ray-for-Doprax-main(1),.,8,1
V2ray-for-Doprax-main(1),.github,1,0
bia-pain-bache-main,.,5,2
bia-pain-bache-main,src,1,0
bia-pain-bache-main,docs,5,1
bia-pain-bache-main,docs/assets,0,1
bia-pain-bache-main,docs/assets/images,39,0
caddy-master,.,45,7
caddy-master,modules,0,10
caddy-master,modules/caddypki,9,1
caddy-master,modules/caddypki/acmeserver,6,0
caddy-master,modules/caddyfs,1,0
caddy-master,modules/logging,13,0
caddy-master,modules/caddytls,34,2
caddy-master,modules/caddytls/distributedstek,1,0
caddy-master,modules/caddytls/standardstek,1,0
caddy-master,modules/caddyhttp,34,15
caddy-master,modules/caddyhttp/fileserver,10,1
caddy-master,modules/caddyhttp/fileserver/testdata,8,2
caddy-master,modules/caddyhttp/fileserver/testdata/foo.php.php,1,0
caddy-master,modules/caddyhttp/fileserver/testdata/foodir,2,0
caddy-master,modules/caddyhttp/reverseproxy,27,2
caddy-master,modules/caddyhttp/reverseproxy/fastcgi,10,0
caddy-master,modules/caddyhttp/reverseproxy/forwardauth,1,0
caddy-master,modules/caddyhttp/proxyprotocol,3,0
caddy-master,modules/caddyhttp/encode,7,4
caddy-master,modules/caddyhttp/encode/brotli,1,0
caddy-master,modules/caddyhttp/encode/gzip,2,0
caddy-master,modules/caddyhttp/encode/testdata,5,0
caddy-master,modules/caddyhttp/encode/zstd,2,0
caddy-master,modules/caddyhttp/push,4,0
caddy-master,modules/caddyhttp/templates,6,0
caddy-master,modules/caddyhttp/logging,2,0
caddy-master,modules/caddyhttp/tracing,6,0
caddy-master,modules/caddyhttp/requestbody,2,0
caddy-master,modules/caddyhttp/caddyauth,7,0
caddy-master,modules/caddyhttp/rewrite,3,0
caddy-master,modules/caddyhttp/map,3,0
caddy-master,modules/caddyhttp/intercept,1,0
caddy-master,modules/caddyhttp/headers,3,0
caddy-master,modules/caddyhttp/standard,1,0
caddy-master,modules/filestorage,1,0
caddy-master,modules/metrics,3,0
caddy-master,modules/caddyevents,1,1
caddy-master,modules/caddyevents/eventsconfig,1,0
caddy-master,modules/internal,0,1
caddy-master,modules/internal/network,1,0
caddy-master,modules/standard,1,0
caddy-master,caddytest,8,1
caddy-master,caddytest/integration,18,2
caddy-master,caddytest/integration/caddyfile_adapt,230,0
caddy-master,caddytest/integration/testdata,8,0
caddy-master,caddyconfig,3,2
caddy-master,caddyconfig/caddyfile,13,1
caddy-master,caddyconfig/caddyfile/testdata,13,1
caddy-master,caddyconfig/caddyfile/testdata/glob,2,0
caddy-master,caddyconfig/httpcaddyfile,17,1
caddy-master,caddyconfig/httpcaddyfile/testdata,3,0
caddy-master,notify,3,0
caddy-master,.github,5,2
caddy-master,.github/workflows,9,0
caddy-master,.github/ISSUE_TEMPLATE,2,0
caddy-master,cmd,12,1
caddy-master,cmd/caddy,2,0
caddy-master,internal,5,3
caddy-master,internal/filesystems,2,0
caddy-master,internal/testmocks,1,0
caddy-master,internal/metrics,2,0
coredns-master,.,30,10
coredns-master,coremain,5,0
coredns-master,test,56,0
coredns-master,plugin,10,63
coredns-master,plugin/autopath,7,0
coredns-master,plugin/bind,5,0
coredns-master,plugin/cache,18,1
coredns-master,plugin/cache/freq,2,0
coredns-master,plugin/etcd,13,1
coredns-master,plugin/etcd/msg,6,0
coredns-master,plugin/dnstap,12,1
coredns-master,plugin/dnstap/msg,2,0
coredns-master,plugin/k8s_external,10,0
coredns-master,plugin/https3,3,0
coredns-master,plugin/ready,7,0
coredns-master,plugin/root,4,0
coredns-master,plugin/test,6,1
coredns-master,plugin/test/testdata,1,0
coredns-master,plugin/template,8,0
coredns-master,plugin/shed,9,0
coredns-master,plugin/import,1,0
coredns-master,plugin/local,6,0
coredns-master,plugin/header,6,0
coredns-master,plugin/nomad,8,0
coredns-master,plugin/secondary,8,0
coredns-master,plugin/reload,7,0
coredns-master,plugin/metadata,7,0
coredns-master,plugin/loop,6,0
coredns-master,plugin/bufsize,5,0
coredns-master,plugin/route53,6,0
coredns-master,plugin/geoip,7,1
coredns-master,plugin/geoip/testdata,4,0
coredns-master,plugin/nsid,6,0
coredns-master,plugin/view,7,0
coredns-master,plugin/cancel,4,0
coredns-master,plugin/kubernetes,42,1
coredns-master,plugin/kubernetes/object,10,0
coredns-master,plugin/health,8,0
coredns-master,plugin/chaos,8,0
coredns-master,plugin/deprecated,1,0
coredns-master,plugin/timeouts,3,0
coredns-master,plugin/dns64,6,0
coredns-master,plugin/clouddns,7,0
coredns-master,plugin/hosts,11,0
coredns-master,plugin/forward,15,0
coredns-master,plugin/pkg,0,28
coredns-master,plugin/pkg/cache,3,0
coredns-master,plugin/pkg/expression,2,0
coredns-master,plugin/pkg/durations,2,0
coredns-master,plugin/pkg/parse,6,0
coredns-master,plugin/pkg/edns,2,0
coredns-master,plugin/pkg/rand,2,0
coredns-master,plugin/pkg/proxy,11,0
coredns-master,plugin/pkg/fuzz,1,0
coredns-master,plugin/pkg/rcode,2,0
coredns-master,plugin/pkg/uniq,2,0
coredns-master,plugin/pkg/nonwriter,2,0
coredns-master,plugin/pkg/dnstest,6,0
coredns-master,plugin/pkg/proxyproto,3,0
coredns-master,plugin/pkg/upstream,1,0
coredns-master,plugin/pkg/catalog,2,0
coredns-master,plugin/pkg/doh,2,0
coredns-master,plugin/pkg/cidr,2,0
coredns-master,plugin/pkg/trace,1,0
coredns-master,plugin/pkg/transport,1,0
coredns-master,plugin/pkg/replacer,2,0
coredns-master,plugin/pkg/log,6,0
coredns-master,plugin/pkg/up,2,0
coredns-master,plugin/pkg/dnsutil,13,0
coredns-master,plugin/pkg/response,3,0
coredns-master,plugin/pkg/fall,2,0
coredns-master,plugin/pkg/tls,2,0
coredns-master,plugin/pkg/reuseport,2,0
coredns-master,plugin/pkg/singleflight,2,0
coredns-master,plugin/whoami,7,0
coredns-master,plugin/multisocket,3,0
coredns-master,plugin/proxyproto,3,0
coredns-master,plugin/quic,3,0
coredns-master,plugin/auto,15,0
coredns-master,plugin/loadbalance,11,0
coredns-master,plugin/pprof,6,0
coredns-master,plugin/debug,6,0
coredns-master,plugin/rewrite,22,0
coredns-master,plugin/errors,7,0
coredns-master,plugin/tsig,5,0
coredns-master,plugin/trace,7,0
coredns-master,plugin/minimal,5,0
coredns-master,plugin/sign,14,1
coredns-master,plugin/sign/testdata,4,0
coredns-master,plugin/metrics,11,2
coredns-master,plugin/metrics/test_data,0,1
coredns-master,plugin/metrics/test_data/configs,8,0
coredns-master,plugin/metrics/vars,4,0
coredns-master,plugin/acl,6,0
coredns-master,plugin/azure,5,0
coredns-master,plugin/file,39,2
coredns-master,plugin/file/tree,11,0
coredns-master,plugin/file/rrutil,1,0
coredns-master,plugin/https,3,0
coredns-master,plugin/grpc,12,0
coredns-master,plugin/log,5,0
coredns-master,plugin/any,5,0
coredns-master,plugin/erratic,9,0
coredns-master,plugin/dnssec,18,0
coredns-master,plugin/transfer,9,0
coredns-master,plugin/tls,9,0
coredns-master,plugin/grpc_server,3,0
coredns-master,core,1,2
coredns-master,core/plugin,1,0
coredns-master,core/dnsserver,28,0
coredns-master,pb,4,0
coredns-master,.github,6,2
coredns-master,.github/workflows,12,0
coredns-master,.github/ISSUE_TEMPLATE,3,0
coredns-master,.circleci,1,0
coredns-master,man,62,0
coredns-master,request,6,0
coredns-master,notes,85,0
defyxVPN-main(1),.,12,13
defyxVPN-main(1),test,1,0
defyxVPN-main(1),docs,1,0
defyxVPN-main(1),android,4,2
defyxVPN-main(1),android/app,2,2
defyxVPN-main(1),android/app/src,0,3
defyxVPN-main(1),android/app/src/profile,1,0
defyxVPN-main(1),android/app/src/main,1,2
defyxVPN-main(1),android/app/src/main/kotlin,0,1
defyxVPN-main(1),android/app/src/main/kotlin/com,0,1
defyxVPN-main(1),android/app/src/main/kotlin/com/defyx,0,1
defyxVPN-main(1),android/app/src/main/kotlin/com/defyx/defyx,2,0
defyxVPN-main(1),android/app/src/main/res,0,24
defyxVPN-main(1),android/app/src/main/res/drawable-hdpi,1,0
defyxVPN-main(1),android/app/src/main/res/drawable-night-xxhdpi,1,0
defyxVPN-main(1),android/app/src/main/res/values-night,1,0
defyxVPN-main(1),android/app/src/main/res/drawable-night-mdpi,1,0
defyxVPN-main(1),android/app/src/main/res/mipmap-xxhdpi,4,0
defyxVPN-main(1),android/app/src/main/res/drawable-night-xxxhdpi,1,0
defyxVPN-main(1),android/app/src/main/res/values-v31,1,0
defyxVPN-main(1),android/app/src/main/res/drawable-night-hdpi,1,0
defyxVPN-main(1),android/app/src/main/res/mipmap-anydpi-v26,1,0
defyxVPN-main(1),android/app/src/main/res/drawable,4,0
defyxVPN-main(1),android/app/src/main/res/mipmap-xhdpi,4,0
defyxVPN-main(1),android/app/src/main/res/mipmap-xxxhdpi,4,0
defyxVPN-main(1),android/app/src/main/res/drawable-xhdpi,1,0
defyxVPN-main(1),android/app/src/main/res/values-night-v31,1,0
defyxVPN-main(1),android/app/src/main/res/drawable-xxhdpi,1,0
defyxVPN-main(1),android/app/src/main/res/drawable-v21,2,0
defyxVPN-main(1),android/app/src/main/res/drawable-night,2,0
defyxVPN-main(1),android/app/src/main/res/mipmap-mdpi,4,0
defyxVPN-main(1),android/app/src/main/res/mipmap-hdpi,4,0
defyxVPN-main(1),android/app/src/main/res/drawable-night-xhdpi,1,0
defyxVPN-main(1),android/app/src/main/res/values,2,0
defyxVPN-main(1),android/app/src/main/res/drawable-night-v21,2,0
defyxVPN-main(1),android/app/src/main/res/drawable-xxxhdpi,1,0
defyxVPN-main(1),android/app/src/main/res/drawable-mdpi,1,0
defyxVPN-main(1),android/app/src/debug,1,0
defyxVPN-main(1),android/app/libs,1,0
defyxVPN-main(1),android/gradle,0,1
defyxVPN-main(1),android/gradle/wrapper,1,0
defyxVPN-main(1),linux,3,2
defyxVPN-main(1),linux/runner,15,0
defyxVPN-main(1),linux/flutter,4,0
defyxVPN-main(1),windows,2,2
defyxVPN-main(1),windows/runner,19,1
defyxVPN-main(1),windows/runner/resources,1,0
defyxVPN-main(1),windows/flutter,4,0
defyxVPN-main(1),.vscode,1,0
defyxVPN-main(1),.github,5,4
defyxVPN-main(1),.github/images,1,1
defyxVPN-main(1),.github/images/download,4,0
defyxVPN-main(1),.github/workflows,7,0
defyxVPN-main(1),.github/actions,0,2
defyxVPN-main(1),.github/actions/get-version,2,0
defyxVPN-main(1),.github/actions/create-env,2,0
defyxVPN-main(1),.github/ISSUE_TEMPLATE,3,0
defyxVPN-main(1),assets,0,6
defyxVPN-main(1),assets/fonts,5,0
defyxVPN-main(1),assets/lottie,1,0
defyxVPN-main(1),assets/images,4,0
defyxVPN-main(1),assets/icons,34,0
defyxVPN-main(1),assets/flags,33,0
defyxVPN-main(1),assets/sounds,1,0
defyxVPN-main(1),web,3,1
defyxVPN-main(1),web/icons,4,0
defyxVPN-main(1),scripts,4,2
defyxVPN-main(1),scripts/platform,3,1
defyxVPN-main(1),scripts/platform/firebase,2,0
defyxVPN-main(1),scripts/setup,6,0
defyxVPN-main(1),ios,3,7
defyxVPN-main(1),ios/Flutter,3,0
defyxVPN-main(1),ios/RunnerTests,1,0
defyxVPN-main(1),ios/Runner.xcworkspace,1,1
defyxVPN-main(1),ios/Runner.xcworkspace/xcshareddata,2,1
defyxVPN-main(1),ios/Runner.xcworkspace/xcshareddata/swiftpm,1,0
defyxVPN-main(1),ios/Runner.xcodeproj,1,2
defyxVPN-main(1),ios/Runner.xcodeproj/project.xcworkspace,1,1
defyxVPN-main(1),ios/Runner.xcodeproj/project.xcworkspace/xcshareddata,2,1
defyxVPN-main(1),ios/Runner.xcodeproj/project.xcworkspace/xcshareddata/swiftpm,1,0
defyxVPN-main(1),ios/Runner.xcodeproj/xcshareddata,0,1
defyxVPN-main(1),ios/Runner.xcodeproj/xcshareddata/xcschemes,1,0
defyxVPN-main(1),ios/Runner,7,2
defyxVPN-main(1),ios/Runner/Base.lproj,2,0
defyxVPN-main(1),ios/Runner/Assets.xcassets,0,3
defyxVPN-main(1),ios/Runner/Assets.xcassets/LaunchBackground.imageset,3,0
defyxVPN-main(1),ios/Runner/Assets.xcassets/AppIcon.appiconset,37,0
defyxVPN-main(1),ios/Runner/Assets.xcassets/LaunchImage.imageset,8,0
defyxVPN-main(1),ios/build,0,1
defyxVPN-main(1),ios/build/XCBuildData,0,1
defyxVPN-main(1),ios/build/XCBuildData/b422a1299732bb95a65b8b1eac6e7e86.xcbuilddata,5,0
defyxVPN-main(1),ios/PacketTunnel,3,0
defyxVPN-main(1),macos,3,6
defyxVPN-main(1),macos/Flutter,3,0
defyxVPN-main(1),macos/RunnerTests,1,0
defyxVPN-main(1),macos/Runner.xcworkspace,1,1
defyxVPN-main(1),macos/Runner.xcworkspace/xcshareddata,1,1
defyxVPN-main(1),macos/Runner.xcworkspace/xcshareddata/swiftpm,1,0
defyxVPN-main(1),macos/Runner.xcodeproj,1,2
defyxVPN-main(1),macos/Runner.xcodeproj/project.xcworkspace,0,1
defyxVPN-main(1),macos/Runner.xcodeproj/project.xcworkspace/xcshareddata,1,1
defyxVPN-main(1),macos/Runner.xcodeproj/project.xcworkspace/xcshareddata/swiftpm,1,0
defyxVPN-main(1),macos/Runner.xcodeproj/xcshareddata,0,1
defyxVPN-main(1),macos/Runner.xcodeproj/xcshareddata/xcschemes,1,0
defyxVPN-main(1),macos/Runner,8,3
defyxVPN-main(1),macos/Runner/Base.lproj,1,0
defyxVPN-main(1),macos/Runner/Assets.xcassets,0,1
defyxVPN-main(1),macos/Runner/Assets.xcassets/AppIcon.appiconset,8,0
defyxVPN-main(1),macos/Runner/Configs,4,0
defyxVPN-main(1),macos/PacketTunnel,4,0
defyxVPN-main(1),lib,2,6
defyxVPN-main(1),lib/app,3,1
defyxVPN-main(1),lib/app/router,1,0
defyxVPN-main(1),lib/modules,0,5
defyxVPN-main(1),lib/modules/settings,0,5
defyxVPN-main(1),lib/modules/settings/providers,1,0
defyxVPN-main(1),lib/modules/settings/presentation,0,2
defyxVPN-main(1),lib/modules/settings/presentation/widgets,3,0
defyxVPN-main(1),lib/modules/settings/presentation/screens,1,0
defyxVPN-main(1),lib/modules/settings/factories,1,0
defyxVPN-main(1),lib/modules/settings/models,2,0
defyxVPN-main(1),lib/modules/settings/constants,1,0
defyxVPN-main(1),lib/modules/speed_test,0,4
defyxVPN-main(1),lib/modules/speed_test/presentation,0,2
defyxVPN-main(1),lib/modules/speed_test/presentation/widgets,4,3
defyxVPN-main(1),lib/modules/speed_test/presentation/widgets/speed_test_progress,2,2
defyxVPN-main(1),lib/modules/speed_test/presentation/widgets/speed_test_progress/painters,3,0
defyxVPN-main(1),lib/modules/speed_test/presentation/widgets/speed_test_progress/components,2,0
defyxVPN-main(1),lib/modules/speed_test/presentation/widgets/speed_test_state,0,4
defyxVPN-main(1),lib/modules/speed_test/presentation/widgets/speed_test_state/speed_test_download,1,0
defyxVPN-main(1),lib/modules/speed_test/presentation/widgets/speed_test_state/speed_test_upload,1,0
defyxVPN-main(1),lib/modules/speed_test/presentation/widgets/speed_test_state/speed_test_ready,1,0
defyxVPN-main(1),lib/modules/speed_test/presentation/widgets/speed_test_state/speed_test_loading,1,0
defyxVPN-main(1),lib/modules/speed_test/presentation/widgets/speed_test_metrics,2,0
defyxVPN-main(1),lib/modules/speed_test/presentation/screens,1,0
defyxVPN-main(1),lib/modules/speed_test/application,1,1
defyxVPN-main(1),lib/modules/speed_test/application/services,6,0
defyxVPN-main(1),lib/modules/speed_test/models,1,0
defyxVPN-main(1),lib/modules/speed_test/data,0,1
defyxVPN-main(1),lib/modules/speed_test/data/api,2,0
defyxVPN-main(1),lib/modules/splash,0,1
defyxVPN-main(1),lib/modules/splash/presentation,1,0
defyxVPN-main(1),lib/modules/core,5,0
defyxVPN-main(1),lib/modules/main,0,2
defyxVPN-main(1),lib/modules/main/presentation,0,2
defyxVPN-main(1),lib/modules/main/presentation/widgets,16,1
defyxVPN-main(1),lib/modules/main/presentation/widgets/ads,1,2
defyxVPN-main(1),lib/modules/main/presentation/widgets/ads/strategy,3,0
defyxVPN-main(1),lib/modules/main/presentation/widgets/ads/models,1,0
defyxVPN-main(1),lib/modules/main/presentation/screens,1,0
defyxVPN-main(1),lib/modules/main/application,1,0
defyxVPN-main(1),lib/shared,1,6
defyxVPN-main(1),lib/shared/widgets,3,0
defyxVPN-main(1),lib/shared/utils,1,0
defyxVPN-main(1),lib/shared/providers,9,0
defyxVPN-main(1),lib/shared/services,5,0
defyxVPN-main(1),lib/shared/models,1,0
defyxVPN-main(1),lib/shared/layout,1,1
defyxVPN-main(1),lib/shared/layout/navbar,1,1
defyxVPN-main(1),lib/shared/layout/navbar/widgets,10,0
defyxVPN-main(1),lib/common,0,1
defyxVPN-main(1),lib/common/dtos,6,0
defyxVPN-main(1),lib/core,0,4
defyxVPN-main(1),lib/core/theme,4,0
defyxVPN-main(1),lib/core/utils,3,0
defyxVPN-main(1),lib/core/data,0,1
defyxVPN-main(1),lib/core/data/local,0,3
defyxVPN-main(1),lib/core/data/local/secure_storage,4,0
defyxVPN-main(1),lib/core/data/local/remote,0,1
defyxVPN-main(1),lib/core/data/local/remote/api,2,0
defyxVPN-main(1),lib/core/data/local/vpn_data,2,0
defyxVPN-main(1),lib/core/network,2,0
defyxVPN-main(1),lib/l10n,9,0
dns-over-https-proxy-master,.,5,3
dns-over-https-proxy-master,tools,4,2
dns-over-https-proxy-master,tools/vendor,1,5
dns-over-https-proxy-master,tools/vendor/mvdan.cc,0,3
dns-over-https-proxy-master,tools/vendor/mvdan.cc/interfacer,3,1
dns-over-https-proxy-master,tools/vendor/mvdan.cc/interfacer/check,3,0
dns-over-https-proxy-master,tools/vendor/mvdan.cc/lint,3,0
dns-over-https-proxy-master,tools/vendor/mvdan.cc/unparam,3,1
dns-over-https-proxy-master,tools/vendor/mvdan.cc/unparam/check,1,0
dns-over-https-proxy-master,tools/vendor/gopkg.in,0,2
dns-over-https-proxy-master,tools/vendor/gopkg.in/alecthomas,0,1
dns-over-https-proxy-master,tools/vendor/gopkg.in/alecthomas/kingpin.v3-unstable,25,0
dns-over-https-proxy-master,tools/vendor/gopkg.in/yaml.v2,16,0
dns-over-https-proxy-master,tools/vendor/honnef.co,0,1
dns-over-https-proxy-master,tools/vendor/honnef.co/go,0,1
dns-over-https-proxy-master,tools/vendor/honnef.co/go/tools,1,11
dns-over-https-proxy-master,tools/vendor/honnef.co/go/tools/staticcheck,4,1
dns-over-https-proxy-master,tools/vendor/honnef.co/go/tools/staticcheck/vrp,5,0
dns-over-https-proxy-master,tools/vendor/honnef.co/go/tools/simple,4,0
dns-over-https-proxy-master,tools/vendor/honnef.co/go/tools/callgraph,2,1
dns-over-https-proxy-master,tools/vendor/honnef.co/go/tools/callgraph/static,1,0
dns-over-https-proxy-master,tools/vendor/honnef.co/go/tools/version,1,0
dns-over-https-proxy-master,tools/vendor/honnef.co/go/tools/lint,2,1
dns-over-https-proxy-master,tools/vendor/honnef.co/go/tools/lint/lintutil,1,0
dns-over-https-proxy-master,tools/vendor/honnef.co/go/tools/ssa,24,1
dns-over-https-proxy-master,tools/vendor/honnef.co/go/tools/ssa/ssautil,3,0
dns-over-https-proxy-master,tools/vendor/honnef.co/go/tools/unused,1,0
dns-over-https-proxy-master,tools/vendor/honnef.co/go/tools/deprecated,1,0
dns-over-https-proxy-master,tools/vendor/honnef.co/go/tools/functions,5,0
dns-over-https-proxy-master,tools/vendor/honnef.co/go/tools/cmd,0,4
dns-over-https-proxy-master,tools/vendor/honnef.co/go/tools/cmd/staticcheck,2,0
dns-over-https-proxy-master,tools/vendor/honnef.co/go/tools/cmd/megacheck,2,0
dns-over-https-proxy-master,tools/vendor/honnef.co/go/tools/cmd/unused,2,0
dns-over-https-proxy-master,tools/vendor/honnef.co/go/tools/cmd/gosimple,2,0
dns-over-https-proxy-master,tools/vendor/honnef.co/go/tools/internal,0,1
dns-over-https-proxy-master,tools/vendor/honnef.co/go/tools/internal/sharedcheck,1,0
dns-over-https-proxy-master,tools/vendor/github.com,0,28
dns-over-https-proxy-master,tools/vendor/github.com/pelletier,0,2
dns-over-https-proxy-master,tools/vendor/github.com/pelletier/go-toml,17,0
dns-over-https-proxy-master,tools/vendor/github.com/pelletier/go-buffruneio,2,0
dns-over-https-proxy-master,tools/vendor/github.com/opennota,0,1
dns-over-https-proxy-master,tools/vendor/github.com/opennota/check,1,1
dns-over-https-proxy-master,tools/vendor/github.com/opennota/check/cmd,0,3
dns-over-https-proxy-master,tools/vendor/github.com/opennota/check/cmd/structcheck,1,0
dns-over-https-proxy-master,tools/vendor/github.com/opennota/check/cmd/aligncheck,1,0
dns-over-https-proxy-master,tools/vendor/github.com/opennota/check/cmd/varcheck,1,0
dns-over-https-proxy-master,tools/vendor/github.com/jgautheron,0,1
dns-over-https-proxy-master,tools/vendor/github.com/jgautheron/goconst,4,1
dns-over-https-proxy-master,tools/vendor/github.com/jgautheron/goconst/cmd,0,1
dns-over-https-proxy-master,tools/vendor/github.com/jgautheron/goconst/cmd/goconst,1,0
dns-over-https-proxy-master,tools/vendor/github.com/mvdan,0,3
dns-over-https-proxy-master,tools/vendor/github.com/mvdan/interfacer,5,1
dns-over-https-proxy-master,tools/vendor/github.com/mvdan/interfacer/cmd,0,1
dns-over-https-proxy-master,tools/vendor/github.com/mvdan/interfacer/cmd/interfacer,1,0
dns-over-https-proxy-master,tools/vendor/github.com/mvdan/lint,3,0
dns-over-https-proxy-master,tools/vendor/github.com/mvdan/unparam,3,1
dns-over-https-proxy-master,tools/vendor/github.com/mvdan/unparam/check,1,0
dns-over-https-proxy-master,tools/vendor/github.com/google,0,1
dns-over-https-proxy-master,tools/vendor/github.com/google/shlex,3,0
dns-over-https-proxy-master,tools/vendor/github.com/stripe,0,1
dns-over-https-proxy-master,tools/vendor/github.com/stripe/safesql,5,0
dns-over-https-proxy-master,tools/vendor/github.com/mibk,0,1
dns-over-https-proxy-master,tools/vendor/github.com/mibk/dupl,3,5
dns-over-https-proxy-master,tools/vendor/github.com/mibk/dupl/suffixtree,2,0
dns-over-https-proxy-master,tools/vendor/github.com/mibk/dupl/job,2,0
dns-over-https-proxy-master,tools/vendor/github.com/mibk/dupl/printer,4,0
dns-over-https-proxy-master,tools/vendor/github.com/mibk/dupl/syntax,1,1
dns-over-https-proxy-master,tools/vendor/github.com/mibk/dupl/syntax/golang,1,0
dns-over-https-proxy-master,tools/vendor/github.com/mibk/dupl/output,3,0
dns-over-https-proxy-master,tools/vendor/github.com/alexkohler,0,1
dns-over-https-proxy-master,tools/vendor/github.com/alexkohler/nakedret,4,0
dns-over-https-proxy-master,tools/vendor/github.com/GoASTScanner,0,1
dns-over-https-proxy-master,tools/vendor/github.com/GoASTScanner/gas,8,3
dns-over-https-proxy-master,tools/vendor/github.com/GoASTScanner/gas/core,6,0
dns-over-https-proxy-master,tools/vendor/github.com/GoASTScanner/gas/rules,15,0
dns-over-https-proxy-master,tools/vendor/github.com/GoASTScanner/gas/output,2,0
dns-over-https-proxy-master,tools/vendor/github.com/dnephin,0,1
dns-over-https-proxy-master,tools/vendor/github.com/dnephin/govet,25,1
dns-over-https-proxy-master,tools/vendor/github.com/dnephin/govet/internal,0,2
dns-over-https-proxy-master,tools/vendor/github.com/dnephin/govet/internal/whitelist,1,0
dns-over-https-proxy-master,tools/vendor/github.com/dnephin/govet/internal/cfg,2,0
dns-over-https-proxy-master,tools/vendor/github.com/mattn,0,1
dns-over-https-proxy-master,tools/vendor/github.com/mattn/goveralls,4,0
dns-over-https-proxy-master,tools/vendor/github.com/kardianos,0,1
dns-over-https-proxy-master,tools/vendor/github.com/kardianos/govendor,4,10
dns-over-https-proxy-master,tools/vendor/github.com/kardianos/govendor/vendorfile,1,0
dns-over-https-proxy-master,tools/vendor/github.com/kardianos/govendor/context,17,0
dns-over-https-proxy-master,tools/vendor/github.com/kardianos/govendor/vcs,5,0
dns-over-https-proxy-master,tools/vendor/github.com/kardianos/govendor/help,5,0
dns-over-https-proxy-master,tools/vendor/github.com/kardianos/govendor/pkgspec,2,0
dns-over-https-proxy-master,tools/vendor/github.com/kardianos/govendor/prompt,1,0
dns-over-https-proxy-master,tools/vendor/github.com/kardianos/govendor/migrate,6,0
dns-over-https-proxy-master,tools/vendor/github.com/kardianos/govendor/cliprompt,1,0
dns-over-https-proxy-master,tools/vendor/github.com/kardianos/govendor/run,8,0
dns-over-https-proxy-master,tools/vendor/github.com/kardianos/govendor/internal,0,3
dns-over-https-proxy-master,tools/vendor/github.com/kardianos/govendor/internal/pathos,1,0
dns-over-https-proxy-master,tools/vendor/github.com/kardianos/govendor/internal/vfilepath,4,0
dns-over-https-proxy-master,tools/vendor/github.com/kardianos/govendor/internal/vos,2,0
dns-over-https-proxy-master,tools/vendor/github.com/pkg,0,1
dns-over-https-proxy-master,tools/vendor/github.com/pkg/errors,5,0
dns-over-https-proxy-master,tools/vendor/github.com/ryanuber,0,1
dns-over-https-proxy-master,tools/vendor/github.com/ryanuber/go-glob,3,0
dns-over-https-proxy-master,tools/vendor/github.com/mdempsky,0,2
dns-over-https-proxy-master,tools/vendor/github.com/mdempsky/maligned,3,0
dns-over-https-proxy-master,tools/vendor/github.com/mdempsky/unconvert,3,0
dns-over-https-proxy-master,tools/vendor/github.com/nicksnyder,0,1
dns-over-https-proxy-master,tools/vendor/github.com/nicksnyder/go-i18n,1,1
dns-over-https-proxy-master,tools/vendor/github.com/nicksnyder/go-i18n/i18n,1,3
dns-over-https-proxy-master,tools/vendor/github.com/nicksnyder/go-i18n/i18n/translation,4,0
dns-over-https-proxy-master,tools/vendor/github.com/nicksnyder/go-i18n/i18n/bundle,1,0
dns-over-https-proxy-master,tools/vendor/github.com/nicksnyder/go-i18n/i18n/language,5,0
dns-over-https-proxy-master,tools/vendor/github.com/walle,0,1
dns-over-https-proxy-master,tools/vendor/github.com/walle/lll,4,1
dns-over-https-proxy-master,tools/vendor/github.com/walle/lll/cmd,0,1
dns-over-https-proxy-master,tools/vendor/github.com/walle/lll/cmd/lll,1,0
dns-over-https-proxy-master,tools/vendor/github.com/alecthomas,0,3
dns-over-https-proxy-master,tools/vendor/github.com/alecthomas/gometalinter,13,0
dns-over-https-proxy-master,tools/vendor/github.com/alecthomas/units,6,0
dns-over-https-proxy-master,tools/vendor/github.com/alecthomas/gocyclo,3,0
dns-over-https-proxy-master,tools/vendor/github.com/tsenart,0,1
dns-over-https-proxy-master,tools/vendor/github.com/tsenart/deadcode,2,0
dns-over-https-proxy-master,tools/vendor/github.com/nbutton23,0,1
dns-over-https-proxy-master,tools/vendor/github.com/nbutton23/zxcvbn-go,3,8
dns-over-https-proxy-master,tools/vendor/github.com/nbutton23/zxcvbn-go/frequency,1,0
dns-over-https-proxy-master,tools/vendor/github.com/nbutton23/zxcvbn-go/utils,0,1
dns-over-https-proxy-master,tools/vendor/github.com/nbutton23/zxcvbn-go/utils/math,1,0
dns-over-https-proxy-master,tools/vendor/github.com/nbutton23/zxcvbn-go/adjacency,1,0
dns-over-https-proxy-master,tools/vendor/github.com/nbutton23/zxcvbn-go/matching,7,0
dns-over-https-proxy-master,tools/vendor/github.com/nbutton23/zxcvbn-go/scoring,1,0
dns-over-https-proxy-master,tools/vendor/github.com/nbutton23/zxcvbn-go/match,1,0
dns-over-https-proxy-master,tools/vendor/github.com/nbutton23/zxcvbn-go/data,1,0
dns-over-https-proxy-master,tools/vendor/github.com/nbutton23/zxcvbn-go/entropy,1,0
dns-over-https-proxy-master,tools/vendor/github.com/wadey,0,1
dns-over-https-proxy-master,tools/vendor/github.com/wadey/gocovmerge,3,0
dns-over-https-proxy-master,tools/vendor/github.com/kisielk,0,2
dns-over-https-proxy-master,tools/vendor/github.com/kisielk/errcheck,3,1
dns-over-https-proxy-master,tools/vendor/github.com/kisielk/errcheck/internal,0,1
dns-over-https-proxy-master,tools/vendor/github.com/kisielk/errcheck/internal/errcheck,1,0
dns-over-https-proxy-master,tools/vendor/github.com/kisielk/gotool,8,0
dns-over-https-proxy-master,tools/vendor/github.com/gordonklaus,0,1
dns-over-https-proxy-master,tools/vendor/github.com/gordonklaus/ineffassign,6,0
dns-over-https-proxy-master,tools/vendor/github.com/alexflint,0,2
dns-over-https-proxy-master,tools/vendor/github.com/alexflint/go-scalar,3,0
dns-over-https-proxy-master,tools/vendor/github.com/alexflint/go-arg,5,0
dns-over-https-proxy-master,tools/vendor/github.com/golang,0,1
dns-over-https-proxy-master,tools/vendor/github.com/golang/lint,4,1
dns-over-https-proxy-master,tools/vendor/github.com/golang/lint/golint,2,0
dns-over-https-proxy-master,tools/vendor/github.com/dchest,0,1
dns-over-https-proxy-master,tools/vendor/github.com/dchest/safefile,6,0
dns-over-https-proxy-master,tools/vendor/github.com/Bowery,0,1
dns-over-https-proxy-master,tools/vendor/github.com/Bowery/prompt,19,0
dns-over-https-proxy-master,tools/vendor/github.com/client9,0,1
dns-over-https-proxy-master,tools/vendor/github.com/client9/misspell,16,1
dns-over-https-proxy-master,tools/vendor/github.com/client9/misspell/cmd,0,1
dns-over-https-proxy-master,tools/vendor/github.com/client9/misspell/cmd/misspell,1,0
dns-over-https-proxy-master,tools/vendor/golang.org,0,1
dns-over-https-proxy-master,tools/vendor/golang.org/x,0,3
dns-over-https-proxy-master,tools/vendor/golang.org/x/text,2,2
dns-over-https-proxy-master,tools/vendor/golang.org/x/text/transform,1,0
dns-over-https-proxy-master,tools/vendor/golang.org/x/text/width,5,0
dns-over-https-proxy-master,tools/vendor/golang.org/x/tools,2,5
dns-over-https-proxy-master,tools/vendor/golang.org/x/tools/container,0,1
dns-over-https-proxy-master,tools/vendor/golang.org/x/tools/container/intsets,7,0
dns-over-https-proxy-master,tools/vendor/golang.org/x/tools/go,0,10
dns-over-https-proxy-master,tools/vendor/golang.org/x/tools/go/callgraph,2,1
dns-over-https-proxy-master,tools/vendor/golang.org/x/tools/go/callgraph/cha,1,0
dns-over-https-proxy-master,tools/vendor/golang.org/x/tools/go/vcs,4,0
dns-over-https-proxy-master,tools/vendor/golang.org/x/tools/go/ssa,21,1
dns-over-https-proxy-master,tools/vendor/golang.org/x/tools/go/ssa/ssautil,3,0
dns-over-https-proxy-master,tools/vendor/golang.org/x/tools/go/gcimporter15,6,0
dns-over-https-proxy-master,tools/vendor/golang.org/x/tools/go/ast,0,1
dns-over-https-proxy-master,tools/vendor/golang.org/x/tools/go/ast/astutil,3,0
dns-over-https-proxy-master,tools/vendor/golang.org/x/tools/go/buildutil,5,0
dns-over-https-proxy-master,tools/vendor/golang.org/x/tools/go/gcexportdata,2,0
dns-over-https-proxy-master,tools/vendor/golang.org/x/tools/go/pointer,16,0
dns-over-https-proxy-master,tools/vendor/golang.org/x/tools/go/types,0,1
dns-over-https-proxy-master,tools/vendor/golang.org/x/tools/go/types/typeutil,4,0
dns-over-https-proxy-master,tools/vendor/golang.org/x/tools/go/loader,5,0
dns-over-https-proxy-master,tools/vendor/golang.org/x/tools/cmd,0,2
dns-over-https-proxy-master,tools/vendor/golang.org/x/tools/cmd/gotype,3,0
dns-over-https-proxy-master,tools/vendor/golang.org/x/tools/cmd/goimports,4,0
dns-over-https-proxy-master,tools/vendor/golang.org/x/tools/imports,9,0
dns-over-https-proxy-master,tools/vendor/golang.org/x/tools/cover,1,0
dns-over-https-proxy-master,tools/vendor/golang.org/x/sys,2,1
dns-over-https-proxy-master,tools/vendor/golang.org/x/sys/unix,200,0
dns-over-https-proxy-master,cmd,0,1
dns-over-https-proxy-master,cmd/dns-over-https-proxy,1,0
dns-over-https-proxy-master,vendor,1,2
dns-over-https-proxy-master,vendor/github.com,0,3
dns-over-https-proxy-master,vendor/github.com/wrouesnel,0,1
dns-over-https-proxy-master,vendor/github.com/wrouesnel/go.log,3,0
dns-over-https-proxy-master,vendor/github.com/sirupsen,0,1
dns-over-https-proxy-master,vendor/github.com/sirupsen/logrus,19,0
dns-over-https-proxy-master,vendor/github.com/miekg,0,1
dns-over-https-proxy-master,vendor/github.com/miekg/dns,40,0
dns-over-https-proxy-master,vendor/golang.org,0,1
dns-over-https-proxy-master,vendor/golang.org/x,0,2
dns-over-https-proxy-master,vendor/golang.org/x/crypto,2,1
dns-over-https-proxy-master,vendor/golang.org/x/crypto/ssh,0,1
dns-over-https-proxy-master,vendor/golang.org/x/crypto/ssh/terminal,7,0
dns-over-https-proxy-master,vendor/golang.org/x/sys,2,2
dns-over-https-proxy-master,vendor/golang.org/x/sys/windows,20,0
dns-over-https-proxy-master,vendor/golang.org/x/sys/unix,221,0
ev-master_(1),.,13,1
ev-master_(1),_assets,1,0
eve-xui-manager-main,.,38,8
eve-xui-manager-main,docs,1,0
eve-xui-manager-main,docker,2,0
eve-xui-manager-main,templates,21,0
eve-xui-manager-main,offline,1,0
eve-xui-manager-main,.claude,1,0
eve-xui-manager-main,.github,0,1
eve-xui-manager-main,.github/workflows,2,0
eve-xui-manager-main,scripts,0,1
eve-xui-manager-main,scripts/docker,5,0
eve-xui-manager-main,static,9,1
eve-xui-manager-main,static/fonts,11,0
firewalla-master,.,13,41
firewalla-master,migration,3,0
firewalla-master,ui,3,0
firewalla-master,bin,3,9
firewalla-master,bin/real.armv7l,6,0
firewalla-master,bin/real.navy,2,0
firewalla-master,bin/mock,5,0
firewalla-master,bin/real.purple,2,0
firewalla-master,bin/real.pse,2,0
firewalla-master,bin/real.x86_64,2,0
firewalla-master,bin/real.aarch64,2,0
firewalla-master,vpn,18,0
firewalla-master,platform,3,12
firewalla-master,platform/docker,2,1
firewalla-master,platform/docker/hooks,0,2
firewalla-master,platform/docker/hooks/before_bro,1,0
firewalla-master,platform/docker/hooks/before_main_run,1,0
firewalla-master,platform/blue,2,2
firewalla-master,platform/blue/files,11,0
firewalla-master,platform/blue/hooks,0,2
firewalla-master,platform/blue/hooks/before_bro,3,0
firewalla-master,platform/blue/hooks/before_main_run,3,0
firewalla-master,platform/navy,2,3
firewalla-master,platform/navy/profile,3,0
firewalla-master,platform/navy/files,15,3
firewalla-master,platform/navy/files/f210285d3809f94d9631a29977662566,1,0
firewalla-master,platform/navy/files/kernel_modules,0,1
firewalla-master,platform/navy/files/kernel_modules/5.4.50,2,0
firewalla-master,platform/navy/files/shared_objects,0,1
firewalla-master,platform/navy/files/shared_objects/focal,2,0
firewalla-master,platform/navy/hooks,0,3
firewalla-master,platform/navy/hooks/after_bro,1,0
firewalla-master,platform/navy/hooks/before_bro,3,0
firewalla-master,platform/navy/hooks/before_main_run,8,0
firewalla-master,platform/goldpro,2,3
firewalla-master,platform/goldpro/profile,1,0
firewalla-master,platform/goldpro/files,21,5
firewalla-master,platform/goldpro/files/u22,1,0
firewalla-master,platform/goldpro/files/motd,1,0
firewalla-master,platform/goldpro/files/udev,2,0
firewalla-master,platform/goldpro/files/kernel_modules,0,1
firewalla-master,platform/goldpro/files/kernel_modules/6.5.0-25-generic,2,0
firewalla-master,platform/goldpro/files/shared_objects,0,1
firewalla-master,platform/goldpro/files/shared_objects/jammy,2,0
firewalla-master,platform/goldpro/hooks,0,2
firewalla-master,platform/goldpro/hooks/before_bro,3,0
firewalla-master,platform/goldpro/hooks/before_main_run,10,0
firewalla-master,platform/pse,2,3
firewalla-master,platform/pse/profile,3,0
firewalla-master,platform/pse/files,20,2
firewalla-master,platform/pse/files/kernel_modules,0,1
firewalla-master,platform/pse/files/kernel_modules/5.15.78,2,0
firewalla-master,platform/pse/files/shared_objects,0,1
firewalla-master,platform/pse/files/shared_objects/jammy,2,0
firewalla-master,platform/pse/hooks,0,2
firewalla-master,platform/pse/hooks/before_bro,3,0
firewalla-master,platform/pse/hooks/before_main_run,1,0
firewalla-master,platform/purple,2,3
firewalla-master,platform/purple/profile,3,0
firewalla-master,platform/purple/files,28,3
firewalla-master,platform/purple/files/kernel_modules,0,1
firewalla-master,platform/purple/files/kernel_modules/4.9.241-firewalla,3,0
firewalla-master,platform/purple/files/shared_objects,0,1
firewalla-master,platform/purple/files/shared_objects/focal,2,0
firewalla-master,platform/purple/files/2ad81cc717292072ed1a651d455d24a9,1,0
firewalla-master,platform/purple/hooks,0,3
firewalla-master,platform/purple/hooks/after_bro,1,0
firewalla-master,platform/purple/hooks/before_bro,3,0
firewalla-master,platform/purple/hooks/before_main_run,11,0
firewalla-master,platform/red,2,2
firewalla-master,platform/red/files,8,0
firewalla-master,platform/red/hooks,0,2
firewalla-master,platform/red/hooks/before_bro,3,0
firewalla-master,platform/red/hooks/before_main_run,4,0
firewalla-master,platform/ubt,2,3
firewalla-master,platform/ubt/profile,3,0
firewalla-master,platform/ubt/files,9,0
firewalla-master,platform/ubt/hooks,0,3
firewalla-master,platform/ubt/hooks/after_bro,1,0
firewalla-master,platform/ubt/hooks/before_bro,3,0
firewalla-master,platform/ubt/hooks/before_main_run,4,0
firewalla-master,platform/gse,2,3
firewalla-master,platform/gse/profile,9,0
firewalla-master,platform/gse/files,18,3
firewalla-master,platform/gse/files/udev,1,0
firewalla-master,platform/gse/files/kernel_modules,0,2
firewalla-master,platform/gse/files/kernel_modules/5.10.110,6,0
firewalla-master,platform/gse/files/kernel_modules/5.10.160,2,0
firewalla-master,platform/gse/files/shared_objects,0,1
firewalla-master,platform/gse/files/shared_objects/jammy,2,0
firewalla-master,platform/gse/hooks,0,2
firewalla-master,platform/gse/hooks/before_bro,3,0
firewalla-master,platform/gse/hooks/before_main_run,1,0
firewalla-master,platform/all,0,2
firewalla-master,platform/all/files,2,1
firewalla-master,platform/all/files/cacert,3,0
firewalla-master,platform/all/hooks,0,2
firewalla-master,platform/all/hooks/after_bro,1,0
firewalla-master,platform/all/hooks/before_bro,4,6
firewalla-master,platform/all/hooks/before_bro/bro-heartbeat,4,0
firewalla-master,platform/all/hooks/before_bro/zeek-ssl-clear-state,3,0
firewalla-master,platform/all/hooks/before_bro/well-known-server-ports,3,0
firewalla-master,platform/all/hooks/before_bro/zeek-conn-log-filter,3,0
firewalla-master,platform/all/hooks/before_bro/bro-long-connection,5,0
firewalla-master,platform/all/hooks/before_bro/heartbeat-flow,2,0
firewalla-master,platform/orange,2,3
firewalla-master,platform/orange/profile,3,0
firewalla-master,platform/orange/files,25,2
firewalla-master,platform/orange/files/kernel_modules,0,1
firewalla-master,platform/orange/files/kernel_modules/6.6.104,2,0
firewalla-master,platform/orange/files/shared_objects,0,2
firewalla-master,platform/orange/files/shared_objects/jammy,2,0
firewalla-master,platform/orange/files/shared_objects/focal,2,0
firewalla-master,platform/orange/hooks,0,3
firewalla-master,platform/orange/hooks/after_bro,1,0
firewalla-master,platform/orange/hooks/before_bro,3,0
firewalla-master,platform/orange/hooks/before_main_run,8,0
firewalla-master,platform/gold,2,3
firewalla-master,platform/gold/profile,2,0
firewalla-master,platform/gold/files,21,11
firewalla-master,platform/gold/files/executables,0,1
firewalla-master,platform/gold/files/executables/bionic,1,0
firewalla-master,platform/gold/files/957c2aabd77bb55028b4763f471ce9f9,1,0
firewalla-master,platform/gold/files/u22,1,0
firewalla-master,platform/gold/files/0aac4c4e7be1029495fb65c1cd1a1c58,1,0
firewalla-master,platform/gold/files/u18,1,0
firewalla-master,platform/gold/files/u20,2,0
firewalla-master,platform/gold/files/motd,1,0
firewalla-master,platform/gold/files/udev,2,0
firewalla-master,platform/gold/files/kernel_modules,0,4
firewalla-master,platform/gold/files/kernel_modules/5.15.0-27-generic,3,0
firewalla-master,platform/gold/files/kernel_modules/4.15.0-70-generic,3,0
firewalla-master,platform/gold/files/kernel_modules/6.5.0-25-generic,2,0
firewalla-master,platform/gold/files/kernel_modules/5.4.0-88-generic,2,0
firewalla-master,platform/gold/files/shared_objects,0,3
firewalla-master,platform/gold/files/shared_objects/jammy,2,0
firewalla-master,platform/gold/files/shared_objects/bionic,2,0
firewalla-master,platform/gold/files/shared_objects/focal,2,0
firewalla-master,platform/gold/files/da3c9a45687d8cdf75afcb5f58e27dcf,1,0
firewalla-master,platform/gold/hooks,0,2
firewalla-master,platform/gold/hooks/before_bro,4,0
firewalla-master,platform/gold/hooks/before_main_run,10,0
firewalla-master,alarm,11,0
firewalla-master,etc,42,4
firewalla-master,etc/suricata,4,1
firewalla-master,etc/suricata/rules,18,0
firewalla-master,etc/logrotate.d,11,0
firewalla-master,etc/rsyslog.d,9,0
firewalla-master,etc/keys,3,0
firewalla-master,test,89,2
firewalla-master,test/test_data,1,0
firewalla-master,test/sample_keys,3,0
firewalla-master,docker,3,0
firewalla-master,flow,4,0
firewalla-master,config,2,0
firewalla-master,sensor,135,1
firewalla-master,sensor/base,2,0
firewalla-master,monitor,2,0
firewalla-master,controllers,4,0
firewalla-master,net2,66,1
firewalla-master,net2/identity,4,0
firewalla-master,tools,4,1
firewalla-master,tools/cgroup_sock_mark,3,0
firewalla-master,.github,0,1
firewalla-master,.github/workflows,1,0
firewalla-master,.githooks,11,0
firewalla-master,locales,3,0
firewalla-master,extension,0,47
firewalla-master,extension/dnscrypt,9,0
firewalla-master,extension/vpnclient,13,1
firewalla-master,extension/vpnclient/docker,11,7
firewalla-master,extension/vpnclient/docker/hysteria,2,0
firewalla-master,extension/vpnclient/docker/nebula,1,0
firewalla-master,extension/vpnclient/docker/ssl,1,0
firewalla-master,extension/vpnclient/docker/trojan,2,0
firewalla-master,extension/vpnclient/docker/gost,2,0
firewalla-master,extension/vpnclient/docker/ipsec,1,0
firewalla-master,extension/vpnclient/docker/clash,2,0
firewalla-master,extension/detect,3,0
firewalla-master,extension/countryCodes,2,0
firewalla-master,extension/ssh,1,0
firewalla-master,extension/dockerdns,1,0
firewalla-master,extension/monkey,2,0
firewalla-master,extension/common,1,0
firewalla-master,extension/docker,1,0
firewalla-master,extension/dhcp,1,0
firewalla-master,extension/accounting,3,0
firewalla-master,extension/flow,2,0
firewalla-master,extension/routing,1,0
firewalla-master,extension/diag,1,2
firewalla-master,extension/diag/view,3,0
firewalla-master,extension/diag/static,8,0
firewalla-master,extension/dhcpdump,2,0
firewalla-master,extension/frp,9,0
firewalla-master,extension/alexarank,1,0
firewalla-master,extension/speedtest,2,0
firewalla-master,extension/cloudcache,1,0
firewalla-master,extension/cloud,11,0
firewalla-master,extension/dnsmasq,5,0
firewalla-master,extension/slack,1,0
firewalla-master,extension/portforward,1,0
firewalla-master,extension/sysinfo,1,0
firewalla-master,extension/xml2json,6,0
firewalla-master,extension/bitbridge,1,0
firewalla-master,extension/shadowsocks,3,3
firewalla-master,extension/shadowsocks/bin.armv7l,1,0
firewalla-master,extension/shadowsocks/bin.aarch64,1,0
firewalla-master,extension/shadowsocks/bin.x86_64,1,0
firewalla-master,extension/scheduler,1,0
firewalla-master,extension/upnp,5,1
firewalla-master,extension/upnp/nat-upnp,4,0
firewalla-master,extension/clash_tun,4,0
firewalla-master,extension/ratelimit,1,0
firewalla-master,extension/netconsole,1,0
firewalla-master,extension/country,1,1
firewalla-master,extension/country/data,2,0
firewalla-master,extension/ping,2,0
firewalla-master,extension/wireguard,1,0
firewalla-master,extension/metrics,2,0
firewalla-master,extension/nmap,3,1
firewalla-master,extension/nmap/scripts,3,0
firewalla-master,extension/bro,1,0
firewalla-master,extension/freeradius,2,0
firewalla-master,extension/clash,4,0
firewalla-master,extension/ipv6in4,3,0
firewalla-master,extension/install,1,0
firewalla-master,extension/unbound,3,0
firewalla-master,extension/ept,1,0
firewalla-master,extension/bf,1,0
firewalla-master,extension/samba,1,0
firewalla-master,extension/wifi,3,0
firewalla-master,cli,3,0
firewalla-master,scripts,188,8
firewalla-master,scripts/event_collectors,5,0
firewalla-master,scripts/post_upgrade.d,1,0
firewalla-master,scripts/cron,2,0
firewalla-master,scripts/firereset,4,0
firewalla-master,scripts/prep,28,0
firewalla-master,scripts/sbin,1,0
firewalla-master,scripts/ops,1,0
firewalla-master,scripts/misc,2,0
firewalla-master,control,23,0
firewalla-master,.webpack,6,0
firewalla-master,run,1,0
firewalla-master,hook,8,0
firewalla-master,event,4,0
firewalla-master,sample,6,0
firewalla-master,diagnostic,3,0
firewalla-master,mgmt,2,0
firewalla-master,lib,7,1
firewalla-master,lib/whois,3,1
firewalla-master,lib/whois/parser,5,0
firewalla-master,testLegacy,45,0
firewalla-master,api,3,8
firewalla-master,api/public,0,5
firewalla-master,api/public/ss,3,0
firewalla-master,api/public/dashboard,1,4
firewalla-master,api/public/dashboard/css,4,0
firewalla-master,api/public/dashboard/js,4,0
firewalla-master,api/public/dashboard/json,1,0
firewalla-master,api/public/dashboard/img,2,0
firewalla-master,api/public/time_limits,4,2
firewalla-master,api/public/time_limits/assets,2,0
firewalla-master,api/public/time_limits/img,3,0
firewalla-master,api/public/network,3,3
firewalla-master,api/public/network/css,3,0
firewalla-master,api/public/network/js,4,0
firewalla-master,api/public/network/img,257,0
firewalla-master,api/public/stylesheets,1,0
firewalla-master,api/bin,2,0
firewalla-master,api/views,2,0
firewalla-master,api/db,2,0
firewalla-master,api/routes,22,1
firewalla-master,api/routes/pro,5,0
firewalla-master,api/dist,6,5
firewalla-master,api/dist/fonts,2,0
firewalla-master,api/dist/images,10,0
firewalla-master,api/dist/css,5,0
firewalla-master,api/dist/lib,16,0
firewalla-master,api/dist/lang,14,0
firewalla-master,api/middlewares,2,0
firewalla-master,api/lib,4,0
firewalla-master,imports,1,0
firewalla-master,util,35,0
firewalla-master,log,1,0
firewalla-master,vendor,3,2
firewalla-master,vendor/traceroute,3,0
firewalla-master,vendor/uboot,2,0
firewalla-master,encipher,2,2
firewalla-master,encipher/lib,4,0
firewalla-master,encipher/util,1,0
firewalla-master,vendor_lib,5,8
firewalla-master,vendor_lib/publicsuffixlist,3,0
firewalla-master,vendor_lib/geoip-lite,3,0
firewalla-master,vendor_lib/node-device-detector,8,3
firewalla-master,vendor_lib/node-device-detector/lib,2,0
firewalla-master,vendor_lib/node-device-detector/parser,7,4
firewalla-master,vendor_lib/node-device-detector/parser/device,12,0
firewalla-master,vendor_lib/node-device-detector/parser/client,10,1
firewalla-master,vendor_lib/node-device-detector/parser/client/hints,2,0
firewalla-master,vendor_lib/node-device-detector/parser/const,8,0
firewalla-master,vendor_lib/node-device-detector/parser/os,2,0
firewalla-master,vendor_lib/node-device-detector/misc,3,0
firewalla-master,vendor_lib/bonjour,3,2
firewalla-master,vendor_lib/bonjour/node_modules,0,7
firewalla-master,vendor_lib/bonjour/node_modules/ip,1,1
firewalla-master,vendor_lib/bonjour/node_modules/ip/lib,1,0
firewalla-master,vendor_lib/bonjour/node_modules/multicast-dns,4,1
firewalla-master,vendor_lib/bonjour/node_modules/multicast-dns/node_modules,0,2
firewalla-master,vendor_lib/bonjour/node_modules/multicast-dns/node_modules/thunky,2,0
firewalla-master,vendor_lib/bonjour/node_modules/multicast-dns/node_modules/dns-packet,9,0
firewalla-master,vendor_lib/bonjour/node_modules/array-flatten,5,0
firewalla-master,vendor_lib/bonjour/node_modules/deep-equal,3,1
firewalla-master,vendor_lib/bonjour/node_modules/deep-equal/lib,2,0
firewalla-master,vendor_lib/bonjour/node_modules/dns-txt,3,1
firewalla-master,vendor_lib/bonjour/node_modules/dns-txt/node_modules,0,1
firewalla-master,vendor_lib/bonjour/node_modules/dns-txt/node_modules/buffer-indexof,4,0
firewalla-master,vendor_lib/bonjour/node_modules/dns-equal,7,0
firewalla-master,vendor_lib/bonjour/node_modules/multicast-dns-service-types,7,0
firewalla-master,vendor_lib/bonjour/lib,4,0
firewalla-master,vendor_lib/async-lock,3,1
firewalla-master,vendor_lib/async-lock/lib,1,0
firewalla-master,vendor_lib/dnscache,2,0
firewalla-master,vendor_lib/rate-limiter-flexible,6,0
firewalla-master,vendor_lib/yaml,5,2
firewalla-master,vendor_lib/yaml/browser,2,1
firewalla-master,vendor_lib/yaml/browser/dist,7,6
firewalla-master,vendor_lib/yaml/browser/dist/parse,7,0
firewalla-master,vendor_lib/yaml/browser/dist/nodes,9,0
firewalla-master,vendor_lib/yaml/browser/dist/stringify,8,0
firewalla-master,vendor_lib/yaml/browser/dist/compose,15,0
firewalla-master,vendor_lib/yaml/browser/dist/doc,5,0
firewalla-master,vendor_lib/yaml/browser/dist/schema,2,4
firewalla-master,vendor_lib/yaml/browser/dist/schema/common,4,0
firewalla-master,vendor_lib/yaml/browser/dist/schema/core,4,0
firewalla-master,vendor_lib/yaml/browser/dist/schema/json,1,0
firewalla-master,vendor_lib/yaml/browser/dist/schema/yaml-1.1,9,0
firewalla-master,vendor_lib/yaml/dist,16,6
firewalla-master,vendor_lib/yaml/dist/parse,14,0
firewalla-master,vendor_lib/yaml/dist/nodes,18,0
firewalla-master,vendor_lib/yaml/dist/stringify,16,0
firewalla-master,vendor_lib/yaml/dist/compose,30,0
firewalla-master,vendor_lib/yaml/dist/doc,10,0
firewalla-master,vendor_lib/yaml/dist/schema,5,4
firewalla-master,vendor_lib/yaml/dist/schema/common,8,0
firewalla-master,vendor_lib/yaml/dist/schema/core,8,0
firewalla-master,vendor_lib/yaml/dist/schema/json,2,0
firewalla-master,vendor_lib/yaml/dist/schema/yaml-1.1,18,0
firewalla-master,intel,14,0
firewalla-master,sys,2,0
ftpscan-master,.,10,0
godnsagent-master(1),.,16,2
godnsagent-master(1),.github,0,1
godnsagent-master(1),.github/workflows,2,0
godnsagent-master(1),autocomplete,3,0
gologin-main,.,11,12
gologin-main,oauth2,6,0
gologin-main,facebook,7,0
gologin-main,google,6,0
gologin-main,tumblr,4,0
gologin-main,twitter,6,0
gologin-main,github,6,0
gologin-main,bitbucket,7,0
gologin-main,.github,1,1
gologin-main,.github/workflows,1,0
gologin-main,examples,2,3
gologin-main,examples/google,3,0
gologin-main,examples/twitter,3,0
gologin-main,examples/github,3,0
gologin-main,oauth1,6,0
gologin-main,internal,1,0
gologin-main,testutils,2,0
incy-platforms-main,.,2,0
lossyconn-master,.,9,0
nahan-main(1),.,12,1
nahan-main(1),.github,0,1
nahan-main(1),.github/ISSUE_TEMPLATE,2,0
openssl-cffi-master,.,4,0
sing-geoip-main,.,7,1
sing-geoip-main,.github,4,1
sing-geoip-main,.github/workflows,2,0
sing-geosite-main,.,7,1
sing-geosite-main,.github,4,1
sing-geosite-main,.github/workflows,2,0
snowbox-master,.,11,0
sysproxy-main,.,5,2
sysproxy-main,.github,0,1
sysproxy-main,.github/workflows,1,0
sysproxy-main,sample,1,0
torrequest-master,.,5,0
unique-queue-master,.,8,0
v2rayng-panel-main(1),.,1,0
vps-warp-main(1),.,3,0
x-ui-pro-master,.,2,1
x-ui-pro-master,media,23,0
zeus-main(1),.,4,1
zeus-main(1),photos,5,0
MullvadVPN-Tricks-main,.,0,1
MullvadVPN-Tricks-main,MullvadVPN-Tricks-main,9,0
RealiTLScanner-main,.,0,1
RealiTLScanner-main,RealiTLScanner-main,10,0
aces-main,.,0,1
aces-main,aces-main,5,2
aces-main,aces-main/.github,0,1
aces-main,aces-main/.github/workflows,1,0
aces-main,aces-main/src,5,0
bldfrm-vpn-main,.,0,1
bldfrm-vpn-main,bldfrm-vpn-main,1,0
dns_over_tls_over_tor-master,.,0,1
dns_over_tls_over_tor-master,dns_over_tls_over_tor-master,7,0
fptn-manager-master,.,0,1
fptn-manager-master,fptn-manager-master,4,0
fswatch-main,.,0,1
fswatch-main,fswatch-main,9,1
fswatch-main,fswatch-main/.github,1,1
fswatch-main,fswatch-main/.github/workflows,2,0
iptables-mod-randmap-master,.,0,1
iptables-mod-randmap-master,iptables-mod-randmap-master,7,2
iptables-mod-randmap-master,iptables-mod-randmap-master/include,0,1
iptables-mod-randmap-master,iptables-mod-randmap-master/include/randmap,1,0
iptables-mod-randmap-master,iptables-mod-randmap-master/usrmod,2,0
mullvad-browser-main,.,0,1
mullvad-browser-main,mullvad-browser-main,1,2
mullvad-browser-main,mullvad-browser-main/.github,0,2
mullvad-browser-main,mullvad-browser-main/.github/ISSUE_TEMPLATE,5,0
mullvad-browser-main,mullvad-browser-main/.github/workflows,1,0
mullvad-browser-main,mullvad-browser-main/scripts,2,0
mullvad-closest-main,.,0,1
mullvad-closest-main,mullvad-closest-main,7,1
mullvad-closest-main,mullvad-closest-main/mullvad_closest,3,0
mullvad-proxy-main,.,0,1
mullvad-proxy-main,mullvad-proxy-main,7,3
mullvad-proxy-main,mullvad-proxy-main/mullvad,1,0
mullvad-proxy-main,mullvad-proxy-main/proxy,2,0
mullvad-proxy-main,mullvad-proxy-main/socks5,2,0
onionsphinkter-production,.,0,1
onionsphinkter-production,onionsphinkter-production,6,2
onionsphinkter-production,onionsphinkter-production/dist,0,1
onionsphinkter-production,onionsphinkter-production/dist/lib,0,1
onionsphinkter-production,onionsphinkter-production/dist/lib/systemd,0,1
onionsphinkter-production,onionsphinkter-production/dist/lib/systemd/system,1,0
onionsphinkter-production,onionsphinkter-production/sphincter,6,0
php-proxy-app-master,.,0,1
php-proxy-app-master,php-proxy-app-master,8,3
php-proxy-app-master,php-proxy-app-master/.github,0,1
php-proxy-app-master,php-proxy-app-master/.github/workflows,1,0
php-proxy-app-master,php-proxy-app-master/plugins,2,0
php-proxy-app-master,php-proxy-app-master/templates,2,0
ptnettools-main,.,0,1
ptnettools-main,ptnettools-main,9,0
smart-vpn-ec2-manager-main,.,0,2
smart-vpn-ec2-manager-main,__nested_lambda,1,0
smart-vpn-ec2-manager-main,smart-vpn-ec2-manager-main,7,0
the-onion-diaries-master,.,0,1
the-onion-diaries-master,the-onion-diaries-master,3,0
tor-relay-bootstrap-master,.,0,1
tor-relay-bootstrap-master,tor-relay-bootstrap-master,4,1
tor-relay-bootstrap-master,tor-relay-bootstrap-master/etc,0,4
tor-relay-bootstrap-master,tor-relay-bootstrap-master/etc/apt,0,1
tor-relay-bootstrap-master,tor-relay-bootstrap-master/etc/apt/apt.conf.d,1,0
tor-relay-bootstrap-master,tor-relay-bootstrap-master/etc/iptables,2,0
tor-relay-bootstrap-master,tor-relay-bootstrap-master/etc/monit,0,1
tor-relay-bootstrap-master,tor-relay-bootstrap-master/etc/monit/conf.d,1,0
tor-relay-bootstrap-master,tor-relay-bootstrap-master/etc/tor,1,0
tor.rb-master,.,0,1
tor.rb-master,tor.rb-master,11,4
tor.rb-master,tor.rb-master/bin,3,0
tor.rb-master,tor.rb-master/doc,1,0
tor.rb-master,tor.rb-master/lib,1,1
tor.rb-master,tor.rb-master/lib/tor,4,0
tor.rb-master,tor.rb-master/spec,5,0
tor_box-master,.,0,1
tor_box-master,tor_box-master,3,0
torget-main,.,0,1
torget-main,torget-main,5,0
